draft_year,pick,player,wiki_title,views_predraft,hype,surplus
2016,1,Ben Simmons,Ben Simmons,1006685.0,6.002894028912347,6.701587301587303
2016,2,Brandon Ingram,Brandon Ingram,209663.0,5.321523867072268,-7.044047619047619
2016,3,Jaylen Brown,Jaylen Brown,48349.0,4.68439647841902,-2.126666666666667
2016,4,Dragan Bender,Dragan Bender,87271.0,4.940874928745581,-13.30952380952381
2016,5,Kris Dunn,Kris Dunn,98994.0,4.9956132599788985,-10.041904761904762
2016,6,Buddy Hield,Buddy Hield,529818.0,5.724127528606735,1.2666666666666675
2016,7,Jamal Murray,Jamal Murray,106625.0,5.027863117258303,4.959047619047617
2016,8,Marquese Chriss,Marquese Chriss,4195.0,3.62283547952152,-4.897142857142859
2016,9,Jakob Poeltl,Jakob Pöltl,32835.0,4.516350246993912,6.333333333333332
2016,10,Thon Maker,Thon Maker,233547.0,5.368376152537169,-3.0533333333333337
2016,11,Domantas Sabonis,Domantas Sabonis,219634.0,5.341701548417752,10.982857142857144
2016,12,Taurean Prince,Taurean Prince,18122.0,4.258230090449129,-3.8999999999999995
2016,13,Georgios Papagiannis,Georgios Papagiannis,29005.0,4.462487842635732,-8.17047619047619
2016,14,Denzel Valentine,Denzel Valentine,116435.0,5.066087277428346,-4.331428571428571
2016,15,Juancho Hernangómez,Juancho Hernangómez,1327.0,3.1231980750319988,-1.36095238095238
2016,16,Guerschon Yabusele,Guerschon Yabusele,1284.0,3.1089031276673134,-6.1590476190476195
2016,17,Wade Baldwin,Wade Baldwin IV,4978.0,3.6971421262754594,-7.524761904761905
2016,18,Henry Ellenson,Henry Ellenson,25535.0,4.407152869670635,-6.763809523809523
2016,19,Malik Beasley,Malik Beasley,3864.0,3.5871494982543437,-1.635238095238095
2016,20,Caris LeVert,Caris LeVert,33404.0,4.523811476089719,-0.6466666666666674
2016,21,DeAndre' Bembry,DeAndre' Bembry,571.0,2.7573960287930244,-6.916190476190475
2016,22,Malachi Richardson,Malachi Richardson,2828.0,3.4516329474569907,-7.597142857142856
2016,23,Ante Žižić,Ante Žižić,1719.0,3.2355284469075487,-3.7799999999999994
2016,24,Timothé Luwawu-Cabarrot,Timothé Luwawu-Cabarrot,0.0,0.0,-3.3771428571428572
2016,25,Brice Johnson,Brice Johnson,49868.0,4.697830659599228,-6.828571428571429
2016,26,Furkan Korkmaz,Furkan Korkmaz,25613.0,4.408477405187591,-2.773333333333334
2016,27,Pascal Siakam,Pascal Siakam,2676.0,3.4276483711869328,14.702105263157895
2016,28,Skal Labissière,Skal Labissière,92241.0,4.964928710803851,-2.2436090225563916
2016,29,Dejounte Murray,Dejounte Murray,2962.0,3.471731651480051,-0.1845614035087717
2016,30,Damian Jones,Damian Jones (basketball),3050.0,3.484442207642407,-0.4245614035087719
2016,31,Deyonta Davis,Deyonta Davis,20249.0,4.306425027550687,-0.9264661654135327
2016,32,Ivica Zubac,Ivica Zubac,10468.0,4.019905199804614,7.6104761904761915
2016,33,Cheick Diallo,Cheick Diallo,57365.0,4.758654568577039,2.4714285714285715
2016,34,Tyler Ulis,Tyler Ulis,151723.0,5.181054283773887,-3.146666666666666
2016,35,Rade Zagorac,Rade Zagorac,14033.0,4.147181472192797,-3.9904761904761905
2016,36,Malcolm Brogdon,Malcolm Brogdon,44862.0,4.651888311598324,12.865714285714287
2016,37,Chinanu Onuaku,Chinanu Onuaku,0.0,0.0,-4.303809523809524
2016,38,Patrick McCaw,Patrick McCaw,0.0,0.0,0.11619047619047596
2016,39,David Michineau,David Michineau,0.0,0.0,-4.023809523809524
2016,40,Diamond Stone,Diamond Stone,44513.0,4.648496621464603,-3.976190476190476
2016,41,Stephen Zimmerman,Stephen Zimmerman,18441.0,4.265808017686357,-3.3819047619047615
2016,42,Isaiah Whitehead,Isaiah Whitehead,25827.0,4.412090777733802,-4.099047619047619
2016,43,Zhou Qi,Zhou Qi,35921.0,4.555360508529328,-3.4457142857142853
2016,44,Isaïa Cordinier,Isaïa Cordinier,0.0,0.0,-2.927619047619048
2016,45,Demetrius Jackson,Demetrius Jackson,24525.0,4.389626723926727,-2.499047619047619
2016,46,A.J. Hammons,A. J. Hammons,17905.0,4.252998580156892,-2.4657142857142857
2016,47,Jake Layman,Jake Layman,20241.0,4.3062534205221175,0.43999999999999995
2016,48,Paul Zipser,Paul Zipser,10617.0,4.026042721005139,-2.4533333333333336
2016,49,Michael Gbinije,Michael Gbinije,46639.0,4.668758541750957,-2.258095238095238
2016,50,Georges Niang,Georges Niang,102938.0,5.012579944984761,0.8733333333333333
2016,51,Ben Bentil,Ben Bentil,0.0,0.0,-1.7295238095238095
2016,52,Joel Bolomboy,Joel Bolomboy,2712.0,3.433449793761596,-0.9276190476190476
2016,53,Petr Cornelie,Petr Cornelie,1105.0,3.0437551269686796,-0.936190476190476
2016,54,Kay Felder,Kay Felder,12065.0,4.081563320980385,-1.2266666666666668
2016,55,Marcus Paige,Marcus Paige,116342.0,5.065740258247355,-0.6161904761904762
2016,56,Daniel Hamilton,Daniel Hamilton (basketball),0.0,0.0,-0.6047619047619047
2016,57,Wang Zhelin,Wang Zhelin,13720.0,4.13738576433397,-0.5459383753501401
2016,58,Abdel Nader,Abdel Nader,10425.0,4.018117720591,1.3348949579831935
2016,59,Isaiah Cousins,Isaiah Cousins,0.0,0.0,-0.7290003501400559
2016,60,Tyrone Wallace,Tyrone Wallace,4296.0,3.633165353683903,-0.7085084033613447
2017,1,Markelle Fultz,Markelle Fultz,394733.0,5.596304535507344,-14.498412698412698
2017,2,Lonzo Ball,Lonzo Ball,2312667.0,6.364113291172286,-7.44404761904762
2017,3,Jayson Tatum,Jayson Tatum,133031.0,5.123956120304067,9.473333333333333
2017,4,Josh Jackson,Josh Jackson (basketball),209135.0,5.320428797311341,-15.709523809523809
2017,5,De'Aaron Fox,De'Aaron Fox,217161.0,5.336783832730207,-0.7419047619047632
2017,6,Jonathan Isaac,Jonathan Isaac,28350.0,4.452568381988099,-5.033333333333332
2017,7,Lauri Markkanen,Lauri Markkanen,90438.0,4.9563557516290615,0.35904761904761706
2017,8,Frank Ntilikina,Frank Ntilikina,36388.0,4.5609701209764735,-10.897142857142859
2017,9,Dennis Smith Jr.,Dennis Smith Jr.,99828.0,4.999256720750914,-10.966666666666665
2017,10,Zach Collins,Zach Collins,96516.0,4.9846038144417415,-5.553333333333334
2017,11,Malik Monk,Malik Monk,243426.0,5.386368746863185,-7.617142857142857
2017,12,Luke Kennard,Luke Kennard,14038.0,4.147336174036738,0.5999999999999996
2017,13,Donovan Mitchell,Donovan Mitchell,1419.0,3.1522883443830563,13.22952380952381
2017,14,Bam Adebayo,Bam Adebayo,3785.0,3.5781806096277777,20.36857142857143
2017,15,Justin Jackson,"Justin Jackson (basketball, born 1995)",143434.0,5.156655137748656,-2.1609523809523807
2017,16,Justin Patton,Justin Patton,7548.0,3.877889425371484,-6.859047619047619
2017,17,D.J. Wilson,D. J. Wilson,3250.0,3.5120169694961265,-4.824761904761905
2017,18,T.J. Leaf,T. J. Leaf,156694.0,5.1950551387337205,-4.263809523809523
2017,19,John Collins,John Collins (basketball),4148.0,3.617943434828973,15.164761904761905
2017,20,Harry Giles,Harry Giles III,0.0,0.0,-4.846666666666668
2017,21,Terrance Ferguson,Terrance Ferguson,73158.0,4.864267760535243,-3.5161904761904745
2017,22,Jarrett Allen,Jarrett Allen,6557.0,3.8167714123333463,18.902857142857144
2017,23,OG Anunoby,OG Anunoby,16535.0,4.218430463619232,6.520000000000001
2017,24,Tyler Lydon,Tyler Lydon,2465.0,3.3919930722597127,-6.677142857142857
2017,25,Anžejs Pasečņiks,Anžejs Pasečņiks,8430.0,3.925879089301501,-6.628571428571429
2017,26,Caleb Swanigan,Caleb Swanigan,150152.0,5.176534013660741,-6.873333333333334
2017,27,Kyle Kuzma,Kyle Kuzma,181.0,2.2600713879850747,5.902105263157894
2017,28,Tony Bradley,Tony Bradley (basketball),3812.0,3.5812668052736707,-0.5436090225563923
2017,29,Derrick White,Derrick White,250.0,2.399673721481038,4.215438596491227
2017,30,Josh Hart,Josh Hart,1087.0,3.036628895362161,6.475438596491228
2017,31,Frank Jackson,Frank Jackson (basketball),57136.0,4.756917433847751,-2.726466165413533
2017,32,Davon Reed,Davon Reed,0.0,0.0,-4.489523809523809
2017,33,Wes Iwundu,Wes Iwundu,0.0,0.0,0.47142857142857153
2017,34,Frank Mason III,Frank Mason III,177467.0,5.24912005498944,-2.4466666666666663
2017,35,Ivan Rabb,Ivan Rabb,35974.0,4.556000802608643,-0.6904761904761907
2017,36,Jonah Bolden,Jonah Bolden,31482.0,4.498076109372166,-3.0342857142857143
2017,37,Semi Ojeleye,Semi Ojeleye,4133.0,3.6163704722912695,0.696190476190476
2017,38,Jordan Bell,Jordan Bell,5485.0,3.739255803268511,0.816190476190477
2017,39,Jawun Evans,Jawun Evans,5494.0,3.7399676967595092,-4.423809523809524
2017,40,Dwayne Bacon,Dwayne Bacon,29913.0,4.475874489319437,-3.076190476190476
2017,41,Tyler Dorsey,Tyler Dorsey,67882.0,4.8317610271438065,-2.3819047619047615
2017,42,Thomas Bryant,Thomas Bryant,296.0,2.4727564493172123,7.400952380952381
2017,43,Isaiah Hartenstein,Isaiah Hartenstein,30257.0,4.480840218542777,0.054285714285714715
2017,44,Damyean Dotson,Damyean Dotson,0.0,0.0,0.07238095238095221
2017,45,Dillon Brooks,Dillon Brooks,71929.0,4.856910060300787,1.1009523809523807
2017,46,Sterling Brown,Sterling Brown (basketball),0.0,0.0,3.2342857142857144
2017,47,Ike Anigbogu,Ike Anigbogu,5470.0,3.738066714777469,-2.56
2017,48,Sindarius Thornwell,Sindarius Thornwell,63205.0,4.800758306814154,-1.2533333333333334
2017,49,Vlatko Čančar,Vlatko Čančar,7259.0,3.8609366207000937,-1.7580952380952382
2017,50,Mathias Lessort,Mathias Lessort,2001.0,3.3014640731433,-1.9266666666666665
2017,51,Monte Morris,Monte (name),0.0,0.0,11.470476190476191
2017,52,Edmond Sumner,Edmond Sumner,1217.0,3.0856472882968564,0.6723809523809523
2017,53,Kadeem Allen,Kadeem Allen,0.0,0.0,0.06380952380952398
2017,54,Alec Peters,Alec Peters,8027.0,3.904607363815448,-0.5266666666666668
2017,55,Nigel Williams-Goss,Nigel Williams-Goss,121123.0,5.083230204537462,-0.6161904761904762
2017,56,Jabari Bird,Jabari Bird,0.0,0.0,-0.4047619047619047
2017,57,Sasha Vezenkov,Aleksandar Vezenkov,23689.0,4.374565060722765,-0.5459383753501401
2017,58,Ognjen Jaramaz,Ognjen Jaramaz,6034.0,3.780677274433368,-0.7651050420168067
2017,59,Jaron Blossomgame,Jaron Blossomgame,639.0,2.806179973983887,-0.42900035014005594
2017,60,Alpha Kaba,Alpha Kaba,9937.0,3.997298992409514,-0.9085084033613445
2018,1,Deandre Ayton,Deandre Ayton,185522.0,5.268397758446401,7.001587301587303
2018,2,Marvin Bagley III,Marvin Bagley III,483935.0,5.684787930477719,-9.244047619047619
2018,3,Luka Dončić,Luka Dončić,700717.0,5.845543273766258,12.973333333333333
2018,4,Jaren Jackson Jr.,Jaren Jackson Jr.,126171.0,5.100962987279828,-1.0095238095238095
2018,5,Trae Young,Trae Young,716374.0,5.855140421465806,12.458095238095236
2018,6,Mo Bamba,Mo Bamba,1755.0,3.244524511570084,-1.2333333333333325
2018,7,Wendell Carter Jr.,Wendell Carter Jr.,0.0,0.0,2.359047619047617
2018,8,Collin Sexton,Collin Sexton,149165.0,5.173669843947006,-5.297142857142858
2018,9,Kevin Knox,Kevin Knox II,0.0,0.0,-10.266666666666666
2018,10,Mikal Bridges,Mikal Bridges,133910.0,5.126816253211296,15.246666666666668
2018,11,Shai Gilgeous-Alexander,Shai Gilgeous-Alexander,44578.0,4.6491303221219455,7.882857142857143
2018,12,Miles Bridges,Miles Bridges,136252.0,5.134346073290715,6.800000000000001
2018,13,Jerome Robinson,Jerome Robinson,1669.0,3.2227164711475833,-8.67047619047619
2018,14,Michael Porter Jr.,Michael Porter Jr.,400021.0,5.602083876867621,1.6685714285714282
2018,15,Troy Brown Jr.,Troy Brown Jr.,16072.0,4.206096944706567,-2.56095238095238
2018,16,Zhaire Smith,Zhaire Smith,2015.0,3.3044905277734875,-7.259047619047619
2018,17,Donte DiVincenzo,Donte DiVincenzo,301411.0,5.479160538721941,1.975238095238094
2018,18,Lonnie Walker IV,Lonnie Walker IV,22.0,1.3617278360175928,-5.063809523809523
2018,19,Kevin Huerter,Kevin Huerter,621.0,2.7937903846908188,1.6647619047619049
2018,20,Josh Okogie,Josh Okogie,2327.0,3.3669829759778507,-2.546666666666667
2018,21,Grayson Allen,Grayson Allen,585114.0,5.767241231820727,0.18380952380952653
2018,22,Chandler Hutchison,Chandler Hutchison,4552.0,3.6582976503081897,-6.297142857142856
2018,23,Aaron Holiday,Aaron Holiday,96894.0,4.986301367056596,-2.579999999999999
2018,24,Anfernee Simons,Anfernee Simons,8868.0,3.947874654897698,-2.8771428571428572
2018,25,Moritz Wagner,Moritz Wagner (basketball),324686.0,5.511464900448334,-1.128571428571429
2018,26,Landry Shamet,Landry Shamet,12198.0,4.086324231307385,3.926666666666666
2018,27,Robert Williams,Robert Williams III,0.0,0.0,12.102105263157894
2018,28,Jacob Evans,Jacob Evans,1353.0,3.1316186643491255,-7.243609022556392
2018,29,Džanan Musa,Džanan Musa,35007.0,4.5441673003173175,-5.884561403508773
2018,30,Omari Spellman,Omari Spellman,26146.0,4.417421866886405,-2.4245614035087724
2018,31,Elie Okobo,Élie Okobo,3451.0,3.538070787043172,-4.026466165413533
2018,32,Jevon Carter,Jevon Carter,103379.0,5.0144365278316725,0.3104761904761908
2018,33,Jalen Brunson,Jalen Brunson,257983.0,5.411592772136938,13.471428571428572
2018,34,Devonte' Graham,Devonte' Graham,90142.0,4.95493200749317,6.453333333333333
2018,35,Melvin Frazier,Melvin Frazier,754.0,2.8779469516291885,-4.29047619047619
2018,36,Mitchell Robinson,Mitchell Robinson,65142.0,4.813867755049314,20.365714285714287
2018,37,Gary Trent Jr.,Gary Trent Jr.,89401.0,4.951347234447463,5.296190476190476
2018,38,Khyri Thomas,Khyri Thomas,3062.0,3.4861469968065726,-3.5838095238095233
2018,39,Isaac Bonga,Isaac Bonga,10413.0,4.017617573339674,-2.223809523809524
2018,40,Rodions Kurucs,Rodions Kurucs,13632.0,4.134591434710877,-1.5761904761904755
2018,41,Jarred Vanderbilt,Jarred Vanderbilt,22521.0,4.352606954136521,5.818095238095237
2018,42,Bruce Brown,Bruce Brown (basketball),8.0,0.9542425094393249,9.600952380952382
2018,43,Justin Jackson,"Justin Jackson (basketball, born 1995)",166553.0,5.22155506727077,1.1542857142857144
2018,44,Issuf Sanon,Issuf Sanon,3187.0,3.5035183127240748,-2.927619047619048
2018,45,Hamidou Diallo,Hamidou Diallo,75320.0,4.876916077297879,2.200952380952381
2018,46,De'Anthony Melton,De'Anthony Melton,5926.0,3.772834927239018,5.1342857142857135
2018,47,Svi Mykhailiuk,Sviatoslav Mykhailiuk,47632.0,4.677907934911046,0.040000000000000036
2018,48,Keita Bates-Diop,Keita Bates-Diop,37332.0,4.572092890303906,1.0466666666666669
2018,49,Chimezie Metu,Chimezie Metu,861.0,2.9355072658247128,-0.05809523809523798
2018,50,Alize Johnson,Alize Johnson,5134.0,3.710540447933297,-0.6266666666666665
2018,51,Tony Carr,Tony Carr (basketball),13539.0,4.1316186643491255,-1.6295238095238094
2018,52,Vince Edwards,Vincent Edwards (basketball),12040.0,4.0806625563941825,-1.2276190476190476
2018,53,Devon Hall,Devon Hall,1414.0,3.150756439860309,-1.136190476190476
2018,54,Shake Milton,Shake Milton,8135.0,3.910410939914688,6.073333333333333
2018,55,Arnoldas Kulboka,Arnoldas Kulboka,10243.0,4.010469569796392,-0.6161904761904762
2018,56,Ray Spalding,Ray Spalding,274.0,2.439332693830263,-0.5047619047619047
2018,57,Kevin Hervey,Kevin Hervey,3033.0,3.4820155764507117,-0.6459383753501401
2018,58,Thomas Welsh,Thomas Welsh (basketball),42924.0,4.632710303832954,-0.6651050420168068
2018,59,George King,"George King (basketball, born 1994)",0.0,0.0,-0.8290003501400559
2018,60,Kostas Antetokounmpo,Kostas Antetokounmpo,58950.0,4.770491176535406,-1.1085084033613446
2019,1,Zion Williamson,Zion Williamson,3546010.0,6.549740078482015,-3.2984126984126974
2019,2,Ja Morant,Ja Morant,707456.0,5.8497000481111785,3.0559523809523803
2019,3,RJ Barrett,RJ Barrett,7159.0,3.8549130223078554,-7.926666666666668
2019,4,De'Andre Hunter,De'Andre Hunter,114204.0,5.05768511813815,-8.50952380952381
2019,5,Darius Garland,Darius Garland,82005.0,4.913845628866194,-0.14190476190476176
2019,6,Jarrett Culver,Jarrett Culver,98202.0,4.992124755236488,-11.833333333333332
2019,7,Coby White,Coby White,142302.0,5.153214055879872,-2.440952380952382
2019,8,Jaxson Hayes,Jaxson Hayes,18089.0,4.257438566859814,3.402857142857142
2019,9,Rui Hachimura,Rui Hachimura,619185.0,5.7918211282441465,-2.8666666666666654
2019,10,Cam Reddish,Cam Reddish,184459.0,5.2659022043017565,-7.453333333333333
2019,11,Cameron Johnson,Cameron Johnson,67897.0,4.831856981912957,4.782857142857143
2019,12,P.J. Washington,P. J. Washington,82803.0,4.918051316687877,1.5999999999999996
2019,13,Tyler Herro,Tyler Herro,63045.0,4.799657537649232,2.029523809523809
2019,14,Romeo Langford,Romeo Langford,91990.0,4.9637453399375815,-5.9314285714285715
2019,15,Sekou Doumbouya,Sekou Doumbouya,48143.0,4.6825421703960055,-7.860952380952381
2019,16,Chuma Okeke,Chuma Okeke,389.0,2.591064607026499,-3.059047619047619
2019,17,Nickeil Alexander-Walker,Nickeil Alexander-Walker,32278.0,4.508920071861401,-5.524761904761905
2019,18,Goga Bitadze,Goga Bitadze,49518.0,4.69477186584108,-1.5638095238095229
2019,19,Luka Šamanić,Luka Šamanić,19965.0,4.300291066777081,-7.535238095238095
2019,20,Matisse Thybulle,Matisse Thybulle,31765.0,4.501962531563174,2.953333333333333
2019,21,Brandon Clarke,Brandon Clarke,62691.0,4.797212124921249,12.083809523809524
2019,22,Grant Williams,Grant Williams (basketball),60833.0,4.784146373438335,4.702857142857143
2019,23,Darius Bazley,Darius Bazley,96939.0,4.986503015386741,-4.379999999999999
2019,24,Ty Jerome,Ty Jerome,62155.0,4.79348305801577,-2.9771428571428573
2019,25,Nassir Little,Nassir Little,94048.0,4.973354182164008,-2.9285714285714297
2019,26,Dylan Windler,Dylan Windler,1597.0,3.2035767749779724,-5.373333333333334
2019,27,Mfiondu Kabengele,Mfiondu Kabengele,3165.0,3.5005109105263372,-5.797894736842105
2019,28,Jordan Poole,Jordan Poole,46871.0,4.670913484999461,3.2563909774436084
2019,29,Keldon Johnson,Keldon Johnson,35152.0,4.545962394159521,4.615438596491227
2019,30,Kevin Porter Jr.,Kevin Porter Jr.,44425.0,4.647637212270114,-0.8245614035087723
2019,31,Nic Claxton,Nic Claxton,17.0,1.255272505103306,10.573533834586467
2019,32,KZ Okpala,KZ Okpala,8785.0,3.9437911989293015,-3.289523809523809
2019,33,Carsen Edwards,Carsen Edwards,256881.0,5.409733673847696,-3.5285714285714285
2019,34,Bruno Fernando,Bruno Fernando,51521.0,4.711992713282365,-1.646666666666666
2019,35,Didi Louzada,Didi Louzada,0.0,0.0,-4.09047619047619
2019,36,Cody Martin,Cody Martin (basketball),25528.0,4.407033803328038,1.6657142857142855
2019,37,Deividas Sirvydis,Deividas Sirvydis,7031.0,3.8470788620657155,-4.403809523809524
2019,38,Daniel Gafford,Daniel Gafford,22453.0,4.351293718309777,13.416190476190476
2019,39,Alen Smailagić,Alen Smailagić,4879.0,3.6884198220027105,-3.8238095238095235
2019,40,Justin James,Justin James (basketball),0.0,0.0,-3.6761904761904756
2019,41,Eric Paschall,Eric Paschall,31273.0,4.49518343182908,1.6180952380952385
2019,42,Admiral Schofield,Admiral Schofield,128678.0,5.1095076772208445,-1.9990476190476185
2019,43,Jaylen Nowell,Jaylen Nowell,4606.0,3.6634182122526795,1.754285714285715
2019,44,Bol Bol,Bol Bol,682746.0,5.834259800519852,-0.4276190476190478
2019,45,Isaiah Roby,Isaiah Roby,0.0,0.0,1.4009523809523805
2019,46,Talen Horton-Tucker,Talen Horton-Tucker,7179.0,3.8561244442423,1.6342857142857148
2019,47,Ignas Brazdeikis,Ignas Brazdeikis,1863.0,3.2704459080179626,-2.06
2019,48,Terance Mann,Terance Mann,680.0,2.833147111912785,11.946666666666667
2019,49,Quinndary Weatherspoon,Quinndary Weatherspoon,7401.0,3.869349080759093,-1.958095238095238
2019,50,Jarrell Brantley,Jarrell Brantley,0.0,0.0,-1.3266666666666667
2019,51,Tremont Waters,Tremont Waters,28375.0,4.452951175463887,-1.5295238095238093
2019,52,Jalen McDaniels,Jalen McDaniels,2892.0,3.461348433647983,4.8723809523809525
2019,53,Justin Wright-Foreman,Justin Wright-Foreman,9378.0,3.9721565358594937,-0.936190476190476
2019,54,Marial Shayok,Marial Shayok,11469.0,4.059563417901268,-0.9266666666666667
2019,55,Kyle Guy,Kyle Guy,348508.0,5.542213997928627,-0.6161904761904762
2019,56,Jaylen Hands,Jaylen Hands,61516.0,4.788995148067529,-0.6047619047619047
2019,57,Jordan Bone,Jordan Bone,2759.0,3.4409090820652177,-0.44593837535014014
2019,58,Miye Oni,Miye Oni,6671.0,3.824256037629682,0.23489495798319326
2019,59,Dewan Hernandez,Dewan Hernandez,10068.0,4.002986340856785,-0.7290003501400559
2019,60,Vanja Marinković,Vanja Marinković,11182.0,4.048558324898481,-0.9085084033613445
2020,1,Anthony Edwards,Anthony Edwards (basketball),110659.0,5.043990665878134,-1.1984126984126995
2020,2,James Wiseman,James Wiseman,170751.0,5.232365799228399,-12.44404761904762
2020,3,LaMelo Ball,LaMelo Ball,1106230.0,6.043845824572758,-4.526666666666667
2020,4,Patrick Williams,Patrick Williams (basketball),5809.0,3.7641761323903307,-5.80952380952381
2020,5,Isaac Okoro,Isaac Okoro,24465.0,4.388562971398075,-0.44190476190476247
2020,6,Onyeka Okongwu,Onyeka Okongwu,65538.0,4.816499810592357,5.966666666666667
2020,7,Killian Hayes,Killian Hayes,52600.0,4.720994000624342,-11.640952380952383
2020,8,Obi Toppin,Obi Toppin,204172.0,5.309998310100051,1.7028571428571428
2020,9,Deni Avdija,Deni Avdija,156658.0,5.194955349987336,-0.8666666666666654
2020,10,Jalen Smith,Jalen Smith,27785.0,4.443826031377537,-0.1533333333333342
2020,11,Devin Vassell,Devin Vassell,5235.0,3.718999637878718,-0.017142857142857792
2020,12,Tyrese Haliburton,Tyrese Haliburton,27825.0,4.444450780793918,18.0
2020,13,Kira Lewis Jr.,Kira Lewis Jr.,7287.0,3.862608363964942,-7.17047619047619
2020,14,Aaron Nesmith,Aaron Nesmith,4656.0,3.668106237932731,-0.33142857142857185
2020,15,Cole Anthony,Cole Anthony,298918.0,5.475553520703065,1.4390476190476198
2020,16,Isaiah Stewart,Isaiah Stewart,34013.0,4.531657707374614,3.8409523809523805
2020,17,Aleksej Pokusevski,Aleksej Pokuševski,23664.0,4.3741065088040125,-7.324761904761905
2020,18,Josh Green,Josh Green (basketball),34815.0,4.541778873682067,0.736190476190477
2020,19,Saddiq Bey,Saddiq Bey,16671.0,4.2219877016194305,6.864761904761904
2020,20,Precious Achiuwa,Precious Achiuwa,43046.0,4.633942890311289,1.4533333333333331
2020,21,Tyrese Maxey,Tyrese Maxey,41999.0,4.623249290397901,14.783809523809524
2020,22,Zeke Nnaji,Zeke Nnaji,10293.0,4.012584163914151,-1.9971428571428564
2020,23,Leandro Bolmaro,Leandro Bolmaro,6650.0,3.8228869478341507,-7.579999999999999
2020,24,R.J. Hampton,R. J. Hampton,132394.0,5.1218715839449755,-6.077142857142857
2020,25,Immanuel Quickley,Immanuel Quickley,24686.0,4.392468317043854,11.771428571428572
2020,26,Payton Pritchard,Payton Pritchard,52666.0,4.721538580925315,5.626666666666667
2020,27,Udoka Azubuike,Udoka Azubuike,86960.0,4.939324525236297,-4.397894736842105
2020,28,Jaden McDaniels,Jaden McDaniels,31444.0,4.4975515990645665,4.956390977443608
2020,29,Malachi Flynn,Malachi Flynn,20272.0,4.3069180203772985,-3.1845614035087726
2020,30,Desmond Bane,Desmond Bane,4472.0,3.650598898172657,14.175438596491228
2020,31,Tyrell Terry,Tyrell Terry,2136.0,3.3298045221640695,-4.626466165413532
2020,32,Vernon Carey Jr.,Vernon Carey Jr.,70980.0,4.851142113515697,-3.989523809523809
2020,33,Daniel Oturu,Daniel Oturu,12263.0,4.088632141846319,-3.4285714285714284
2020,34,Théo Maledon,Théo Maledon,21705.0,4.336579798674038,-3.846666666666666
2020,35,Xavier Tillman Sr.,Xavier Tillman,43444.0,4.637939801558909,6.30952380952381
2020,36,Tyler Bey,Tyler Bey,6096.0,3.78511619502192,-4.434285714285714
2020,37,Vít Krejčí,Vít Krejčí,0.0,0.0,-3.003809523809524
2020,38,Saben Lee,Saben Lee,1281.0,3.1078880251827985,-0.5838095238095233
2020,39,Elijah Hughes,Elijah Hughes,6087.0,3.7844746437625165,-4.423809523809524
2020,40,Robert Woodard II,Robert Woodard II,2017.0,3.3049211619008916,-3.976190476190476
2020,41,Tre Jones,Tre Jones,88304.0,4.94598529486785,8.218095238095238
2020,42,Nick Richards,Nick Richards,3729.0,3.571708831808688,7.100952380952382
2020,43,Jahmi'us Ramsey,Jahmi'us Ramsey,10111.0,4.00483706093831,-3.1457142857142855
2020,44,Marko Simonovic,"Marko Simonović (basketball, born 1986)",5036.0,3.702171950857711,-2.927619047619048
2020,45,Jordan Nwora,Jordan Nwora,36880.0,4.566802688102689,0.30095238095238086
2020,46,CJ Elleby,C. J. Elleby,2170.0,3.3366598234544202,-1.9657142857142857
2020,47,Yam Madar,Yam Madar,8521.0,3.9305415298644344,-2.56
2020,48,Nico Mannion,Nico Mannion,146386.0,5.165502510609339,-2.1533333333333333
2020,49,Isaiah Joe,Isaiah Joe,5118.0,3.7091851295502454,6.141904761904763
2020,50,Skylar Mays,Skylar Mays,6305.0,3.799753966411886,0.27333333333333365
2020,51,Justinian Jessup,Justinian Jessup,1995.0,3.3001605369513523,-1.6295238095238094
2020,52,KJ Martin,KJ Williams,0.0,0.0,9.872380952380952
2020,53,Cassius Winston,Cassius Winston,102893.0,5.01239005073071,-0.836190476190476
2020,54,Cassius Stanley,Cassius Stanley,80147.0,4.903892689512359,-0.8266666666666668
2020,55,Jay Scrubb,Jay Scrubb,19651.0,4.293406755462784,-0.6161904761904762
2020,56,Grant Riller,Grant Riller,2762.0,3.4413808849165113,-0.5047619047619047
2020,57,Reggie Perry,Reggie Perry (basketball),14156.0,4.150971232062612,-0.1459383753501401
2020,58,Paul Reed,Paul Reed (basketball),3049.0,3.484299839346786,9.034894957983195
2020,59,Jalen Harris,Jalen Harris,2033.0,3.308350948586726,-0.42900035014005594
2020,60,Sam Merrill,Sam Merrill,13293.0,4.123655674438122,2.5914915966386554
