Year,Rd,Pk,Tm,Player,College,Yrs,WS,WS/48
2000,1,1,NJN,Kenyon Martin,Cincinnati,15,48.0,.100
2000,1,2,VAN,Stromile Swift,LSU,9,21.3,.095
2000,1,3,LAC,Darius Miles,,7,9.5,.039
2000,1,4,CHI,Marcus Fizer,Iowa State,6,2.7,.022
2000,1,5,ORL,Mike Miller,Florida,17,60.7,.105
2000,1,6,ATL,DerMarr Johnson,Cincinnati,7,6.4,.052
2000,1,7,CHI,Chris Mihm,Texas,8,13.3,.073
2000,1,8,CLE,Jamal Crawford,Michigan,20,60.7,.075
2000,1,9,HOU,Joel Przybilla,Minnesota,13,23.0,.094
2000,1,10,ORL,Keyon Dooling,Missouri,13,18.5,.063
2000,1,11,BOS,Jérôme Moïso,UCLA,5,2.1,.074
2000,1,12,DAL,Etan Thomas,Syracuse,9,14.9,.101
2000,1,13,ORL,Courtney Alexander,Fresno State,3,4.1,.048
2000,1,14,DET,Mateen Cleaves,Michigan State,6,-0.8,-.021
2000,1,15,MIL,Jason Collier,Georgia Tech,5,1.9,.042
2000,1,16,SAC,Hedo Türkoğlu,,15,63.3,.114
2000,1,17,SEA,Desmond Mason,Oklahoma State,10,23.1,.056
2000,1,18,LAC,Quentin Richardson,DePaul,13,32.8,.076
2000,1,19,CHH,Jamaal Magloire,Kentucky,12,27.7,.091
2000,1,20,PHI,Speedy Claxton,Hofstra,7,14.2,.080
2000,1,21,TOR,Morris Peterson,Michigan State,11,35.7,.089
2000,1,22,NYK,Donnell Harvey,Florida,5,4.7,.069
2000,1,23,UTA,DeShawn Stevenson,,13,12.1,.032
2000,1,24,CHI,Dalibor Bagarić,,3,-0.9,-.043
2000,1,25,PHO,Jake Tsakalidis,,7,9.9,.095
2000,1,26,DEN,Mamadou N'Diaye,Auburn,5,1.8,.101
2000,1,27,IND,Primož Brezec,,8,10.8,.084
2000,1,28,POR,Erick Barkley,St. John's,2,0.2,.027
2000,1,29,LAL,Mark Madsen,Stanford,9,8.2,.074
2000,3,30,LAC,Marko Jarić,,7,12.1,.052
2000,3,31,DAL,Dan Langhi,Vanderbilt,4,0.3,.012
2000,3,32,CHI,A.J. Guyton,Indiana,3,0.3,.010
2000,3,33,CHI,Jake Voskuhl,UConn,9,11.6,.087
2000,3,34,CHI,Khalid El-Amin,UConn,1,0.6,.030
2000,3,35,WAS,Mike Smith,Louisiana-Monroe,1,-0.1,-.033
2000,3,36,NJN,Soumaila Samake,,2,0.3,.046
2000,3,37,MIA,Eddie House,Arizona State,11,20.0,.077
2000,3,38,HOU,Eduardo Nájera,Oklahoma,12,24.7,.106
2000,3,39,NYK,Lavor Postell,St. John's,3,-0.2,-.025
2000,3,40,ATL,Hanno Möttölä,Utah,2,0.9,.019
2000,3,41,SAS,Chris Carrawell,Duke,,,
2000,3,42,SEA,Olumide Oyedeji,,3,1.2,.095
2000,3,43,MIL,Michael Redd,Ohio State,12,55.9,.134
2000,3,44,DET,Brian Cardinal,Purdue,12,15.4,.114
2000,3,45,SAC,Jabari Smith,LSU,4,1.3,.058
2000,3,46,TOR,DeeAndre Hulett,College of the Sequoias,,,
2000,3,47,SEA,Josip Sesar,,,,
2000,3,48,PHI,Mark Karcher,Temple,,,
2000,3,49,MIL,Jason Hart,Syracuse,9,8.6,.078
2000,3,50,UTA,Kaniel Dickens,Idaho,3,0.1,.055
2000,3,51,MIN,Igor Rakočević,,1,0.1,.022
2000,3,52,MIA,Ernest Brown,Indian Hills Community College,1,-0.2,-.349
2000,3,53,DEN,Dan McClintock,Northern Arizona University,1,0.0,.007
2000,3,54,SAS,Cory Hightower,Indian Hills Community College,,,
2000,3,55,GSW,Chris Porter,Auburn,1,0.2,.008
2000,3,56,IND,Jaquay Walls,Colorado,,,
2000,3,57,ATL,Scoonie Penn,Ohio State,,,
2000,3,58,DAL,Pete Mickeal,Cincinnati,,,
2001,1,1,WAS,Kwame Brown,,12,20.8,.074
2001,1,2,LAC,Tyson Chandler,,19,102.1,.155
2001,1,3,ATL,Pau Gasol,,18,144.1,.169
2001,1,4,CHI,Eddy Curry,,11,21.7,.080
2001,1,5,GSW,Jason Richardson,Michigan State,13,59.1,.097
2001,1,6,MEM,Shane Battier,Duke,13,75.7,.121
2001,1,7,NJN,Eddie Griffin,Seton Hall,5,10.9,.078
2001,1,8,CLE,DeSagana Diop,,12,12.8,.073
2001,1,9,DET,Rodney White,UNC Charlotte,4,1.8,.026
2001,1,10,BOS,Joe Johnson,Arkansas,18,82.9,.090
2001,1,11,BOS,Kedrick Brown,Okaloosa-Walton Community College,4,3.0,.074
2001,1,12,SEA,Vladimir Radmanović,,12,26.5,.079
2001,1,13,HOU,Richard Jefferson,Arizona,17,83.0,.116
2001,1,14,GSW,Troy Murphy,Notre Dame,12,50.3,.121
2001,1,15,ORL,Steven Hunter,DePaul,8,10.6,.085
2001,1,16,CHH,Kirk Haston,Indiana,2,-0.5,-.197
2001,1,17,TOR,Michael Bradley,Villanova,5,2.0,.047
2001,1,18,HOU,Jason Collins,Stanford,13,20.1,.064
2001,1,19,POR,Zach Randolph,Michigan State,17,81.1,.112
2001,1,20,CLE,Brendan Haywood,UNC,13,43.8,.113
2001,1,21,BOS,Joseph Forte,UNC,2,-0.4,-.166
2001,1,22,ORL,Jeryl Sasser,SMU,2,0.7,.032
2001,1,23,HOU,Brandon Armstrong,Pepperdine,3,-0.6,-.039
2001,1,24,UTA,Raül López,,2,2.1,.047
2001,1,25,SAC,Gerald Wallace,Alabama,14,59.7,.116
2001,1,26,PHI,Samuel Dalembert,Seton Hall,13,51.3,.114
2001,1,27,MEM,Jamaal Tinsley,Iowa State,11,17.2,.057
2001,1,28,SAS,Tony Parker,,18,111.3,.140
2001,4,30,CHI,Trenton Hassell,Austin Peay State University,9,13.8,.041
2001,4,31,GSW,Gilbert Arenas,Arizona,11,51.3,.127
2001,4,32,ORL,Omar Cook,St. John's,2,-0.1,-.021
2001,4,33,MEM,Will Solomon,Clemson,2,0.0,.000
2001,4,34,ATL,Terence Morris,Maryland,3,1.0,.025
2001,4,35,NJN,Brian Scalabrine,USC,11,7.6,.054
2001,4,36,CLE,Jeff Trepagnier,USC,3,-0.2,-.038
2001,4,37,PHI,Damone Brown,Syracuse,4,-0.7,-.100
2001,4,38,DET,Mehmet Okur,,10,54.7,.142
2001,4,39,NYK,Michael Wright,Arizona,,,
2001,4,40,SEA,Earl Watson,UCLA,13,19.2,.047
2001,4,41,IND,Jamison Brewer,Auburn,4,0.0,-.001
2001,4,42,SEA,Bobby Simmons,DePaul,10,20.1,.084
2001,4,43,NYK,Eric Chenowith,Kansas,,,
2001,4,44,DAL,Kyle Hill,Eastern Illinois University,,,
2001,4,45,CHI,Sean Lampley,California,2,1.1,.096
2001,4,46,MIN,Loren Woods,Arizona,6,3.1,.062
2001,4,47,DEN,Ousmane Cisse,,,,
2001,4,48,MEM,Antonis Fotsis,,1,0.1,.017
2001,4,49,MIA,Ken Johnson,Ohio State,1,0.0,-.002
2001,4,50,POR,Ruben Boumtje-Boumtje,Georgetown,3,0.2,.027
2001,4,51,PHO,Alton Ford,Houston,3,0.8,.074
2001,4,52,MIL,Andre Hutson,Michigan State,,,
2001,4,53,UTA,Jarron Collins,Stanford,10,15.7,.088
2001,4,54,DAL,Kenny Satterfield,Cincinnati,2,-1.1,-.051
2001,4,55,SAC,Maurice Jeffers,Saint Louis,,,
2001,4,56,SAS,Robertas Javtokas,,,,
2001,4,57,PHI,Alvin Jones,Georgia Tech,1,0.1,.034
2001,4,58,SAS,Bryan Bracey,Oregon,,,
2002,1,1,HOU,Yao Ming,,8,65.9,.200
2002,1,2,CHI,Jay Williams,Duke,1,0.8,.020
2002,1,3,GSW,Mike Dunleavy,Duke,15,58.5,.103
2002,1,4,MEM,Drew Gooden,Kansas,14,43.9,.105
2002,1,5,DEN,Nikoloz Tskitishvili,,4,-1.6,-.039
2002,1,6,CLE,Dajuan Wagner,Memphis,4,0.0,.000
2002,1,7,NYK,Nenê,,17,73.3,.139
2002,1,8,LAC,Chris Wilcox,Maryland,11,26.9,.103
2002,1,9,PHO,Amar'e Stoudemire,,14,92.5,.169
2002,1,10,MIA,Caron Butler,UConn,14,50.9,.086
2002,1,11,WAS,Jared Jeffries,Indiana,11,13.1,.046
2002,1,12,LAC,Melvin Ely,Fresno State,9,4.0,.032
2002,1,13,MIL,Marcus Haislip,Tennessee,4,0.5,.026
2002,1,14,IND,Fred Jones,Oregon,7,16.5,.077
2002,1,15,HOU,Boštjan Nachbar,,6,8.7,.074
2002,1,16,PHI,Jiří Welsch,,4,5.7,.059
2002,1,17,WAS,Juan Dixon,Maryland,7,6.1,.034
2002,1,18,ORL,Curtis Borchardt,Stanford,2,1.0,.041
2002,1,19,UTA,Ryan Humphrey,Notre Dame,3,-0.4,-.027
2002,1,20,TOR,Kareem Rush,Missouri,7,1.7,.013
2002,1,21,POR,Qyntel Woods,Northeast Mississippi Community College,4,1.4,.032
2002,1,22,PHO,Casey Jacobsen,Stanford,4,6.2,.056
2002,1,23,DET,Tayshaun Prince,Kentucky,14,63.1,.096
2002,1,24,NJN,Nenad Krstić,,7,21.5,.098
2002,1,25,DEN,Frank Williams,Illinois,3,0.1,.003
2002,1,26,SAS,John Salmons,Miami (FL),13,33.9,.069
2002,1,27,LAL,Chris Jefferies,Fresno State,2,-0.5,-.030
2002,1,28,SAC,Dan Dickau,Gonzaga,6,5.9,.061
2002,4,30,GSW,Steve Logan,Cincinnati,,,
2002,4,31,CHI,Roger Mason,Virginia,10,13.0,.068
2002,4,32,MEM,Robert Archibald,Illinois,2,0.0,-.004
2002,4,33,DEN,Vincent Yarbrough,Tennessee,1,1.0,.035
2002,4,34,MIL,Dan Gadzuric,UCLA,10,15.8,.097
2002,4,35,CLE,Carlos Boozer,Duke,13,80.3,.143
2002,4,36,NYK,Milos Vujanic,,,,
2002,4,37,ATL,David Andersen,,2,1.5,.059
2002,4,38,HOU,Tito Maddox,Fresno State,1,0.0,-.011
2002,4,39,WAS,Rod Grizzard,Alabama,,,
2002,4,40,WAS,Juan Carlos Navarro,,1,1.4,.031
2002,4,41,LAC,Mario Kasun,,2,0.8,.069
2002,4,42,MIL,Ronald Murray,Shaw,8,8.5,.037
2002,4,43,POR,Jason Jennings,Arkansas State University,,,
2002,4,44,CHI,Lonny Baxter,Maryland,4,2.9,.075
2002,4,45,PHI,Sam Clancy,USC,,,
2002,4,46,MEM,Matt Barnes,UCLA,14,42.8,.093
2002,4,47,UTA,Jamal Sampson,California,5,1.4,.106
2002,4,48,MIL,Chris Owens,Texas,1,0.0,-.032
2002,4,49,SEA,Peter Fehse,,,,
2002,4,50,BOS,Darius Songaila,Wake Forest,8,15.9,.083
2002,4,51,POR,Federico Kammerichs,,,,
2002,4,52,MIN,Marcus Taylor,Michigan State,,,
2002,4,53,MIA,Rasual Butler,La Salle,13,20.8,.058
2002,4,54,NJN,Tamar Slay,Marshall,3,-0.3,-.029
2002,4,55,DAL,Mladen Sekularac,,,,
2002,4,56,SAS,Luis Scola,,10,45.7,.115
2002,4,57,SAS,Randy Holcomb,San Diego State,1,0.0,.150
2002,4,58,SAC,Corsley Edwards,Central Connecticut State University,1,0.1,.026
2003,1,1,CLE,LeBron James,,23,276.8,.218
2003,1,2,DET,Darko Miličić,,10,7.1,.040
2003,1,3,DEN,Carmelo Anthony,Syracuse,19,108.5,.120
2003,1,4,TOR,Chris Bosh,Georgia Tech,13,106.0,.159
2003,1,5,MIA,Dwyane Wade,Marquette,16,120.7,.162
2003,1,6,LAC,Chris Kaman,Central Michigan University,13,24.6,.060
2003,1,7,CHI,Kirk Hinrich,Kansas,13,52.5,.093
2003,1,8,MIL,T.J. Ford,Texas,8,16.9,.068
2003,1,9,NYK,Mike Sweetney,Georgetown,4,7.8,.103
2003,1,10,WAS,Jarvis Hayes,Georgia,7,10.2,.049
2003,1,11,GSW,Mickaël Piétrus,,10,19.7,.079
2003,1,12,SEA,Nick Collison,Kansas,14,44.5,.115
2003,1,13,MEM,Marcus Banks,UNLV,8,6.6,.057
2003,1,14,SEA,Luke Ridnour,Oregon,12,36.0,.080
2003,1,15,ORL,Reece Gaines,Louisville,3,-0.6,-.049
2003,1,16,BOS,Troy Bell,Boston College,1,-0.2,-.326
2003,1,17,PHO,Žarko Čabarkapa,,3,1.1,.035
2003,1,18,NOH,David West,Xavier,15,85.8,.141
2003,1,19,UTA,Sasha Pavlović,,10,7.0,.038
2003,1,20,BOS,Dahntay Jones,Duke,13,9.9,.048
2003,1,21,ATL,Boris Diaw,,14,51.6,.086
2003,1,22,NJN,Zoran Planinić,,3,1.5,.046
2003,1,23,POR,Travis Outlaw,,11,16.5,.061
2003,1,24,LAL,Brian Cook,Illinois,9,10.2,.086
2003,1,25,DET,Carlos Delfino,,8,22.5,.093
2003,1,26,MIN,Ndudi Ebi,,2,0.1,.051
2003,1,27,MEM,Kendrick Perkins,,14,27.9,.078
2003,1,28,SAS,Leandro Barbosa,,14,37.4,.098
2003,1,29,DAL,Josh Howard,Wake Forest,10,38.0,.119
2003,3,30,NYK,Maciej Lampe,,3,-0.2,-.014
2003,3,31,CLE,Jason Kapono,UCLA,9,10.3,.055
2003,3,32,LAL,Luke Walton,Arizona,10,13.5,.067
2003,3,33,MIA,Jerome Beasley,University of North Dakota,1,0.0,-.117
2003,3,34,LAC,Sofoklis Schortsanitis,,,,
2003,3,35,MIL,Szymon Szewczyk,,,,
2003,3,36,CHI,Mario Austin,Mississippi State,,,
2003,3,37,ATL,Travis Hansen,BYU,1,0.2,.019
2003,3,38,WAS,Steve Blake,Maryland,13,29.1,.067
2003,3,39,NYK,Slavko Vraneš,,1,0.0,-.371
2003,3,40,GSW,Derrick Zimmerman,Mississippi State,1,0.0,.004
2003,3,41,SEA,Willie Green,Detroit Mercy,12,12.9,.042
2003,3,42,ORL,Zaza Pachulia,,16,52.7,.114
2003,3,43,MIL,Keith Bogans,Kentucky,11,20.4,.068
2003,3,44,HOU,Malick Badiane,,,,
2003,3,45,CHI,Matt Bonner,Florida,12,38.5,.138
2003,3,46,DEN,Sani Bečirovič,,,,
2003,3,47,UTA,Mo Williams,Alabama,13,40.0,.080
2003,3,48,NOH,James Lang,,1,0.1,.047
2003,3,49,IND,James Jones,Miami (FL),14,25.2,.109
2003,3,50,PHI,Paccelis Morlende,,,,
2003,3,51,NJN,Kyle Korver,Creighton,17,73.4,.113
2003,3,52,TOR,Remon van de Hare,,,,
2003,3,53,CHI,Tommy Smith,Arizona State,,,
2003,3,54,POR,Nedžad Sinanović,,,,
2003,3,55,MIN,Rick Rickert,Minnesota,,,
2003,3,56,BOS,Brandon Hunter,Ohio University,2,0.7,.055
2003,3,57,DAL,Xue Yuyang,,,,
2003,3,58,DET,Andreas Glyniadakis,,1,-0.2,-.143
2004,1,1,ORL,Dwight Howard,,18,141.7,.172
2004,1,2,CHA,Emeka Okafor,UConn,10,45.3,.114
2004,1,3,CHI,Ben Gordon,UConn,11,33.3,.078
2004,1,4,LAC,Shaun Livingston,,14,29.9,.084
2004,1,5,WAS,Devin Harris,Wisconsin,15,54.9,.110
2004,1,6,ATL,Josh Childress,Stanford,8,25.7,.118
2004,1,7,PHO,Luol Deng,Duke,15,74.0,.115
2004,1,8,TOR,Rafael Araújo,BYU,3,-0.4,-.013
2004,1,9,PHI,Andre Iguodala,Arizona,19,100.4,.122
2004,1,10,CLE,Luke Jackson,Oregon,4,0.2,.010
2004,1,11,GSW,Andris Biedriņš,,10,30.7,.132
2004,1,12,SEA,Robert Swift,,4,1.7,.054
2004,1,13,POR,Sebastian Telfair,,10,5.0,.020
2004,1,14,UTA,Kris Humphries,Minnesota,13,30.3,.102
2004,1,15,BOS,Al Jefferson,,14,71.0,.130
2004,1,16,UTA,Kirk Snyder,Nevada,4,4.5,.061
2004,1,17,ATL,Josh Smith,,13,51.0,.084
2004,1,18,NOH,J.R. Smith,,16,46.3,.084
2004,1,19,MIA,Dorell Wright,,11,25.9,.101
2004,1,20,DEN,Jameer Nelson,Saint Joseph's,14,48.3,.094
2004,1,21,UTA,Pavel Podkolzin,,2,-0.1,-.163
2004,1,22,NJN,Viktor Khryapa,,4,2.0,.041
2004,1,23,POR,Sergei Monia,,1,-0.2,-.025
2004,1,24,BOS,Delonte West,Saint Joseph's,8,24.5,.099
2004,1,25,BOS,Tony Allen,Oklahoma State,14,38.7,.103
2004,1,26,SAC,Kevin Martin,Western Carolina University,12,61.3,.137
2004,1,27,LAL,Sasha Vujačić,,10,16.0,.086
2004,1,28,SAS,Beno Udrih,,13,31.4,.083
2004,1,29,IND,David Harrison,Colorado,4,3.2,.057
2004,4,30,ORL,Anderson Varejão,,14,46.4,.148
2004,4,31,CHI,Jackson Vroman,Iowa State,2,0.0,.001
2004,4,32,WAS,Peter John Ramos,,1,0.0,-.108
2004,4,33,LAC,Lionel Chalmers,Xavier,1,-0.2,-.025
2004,4,34,ATL,Donta Smith,Southeastern Illinois College,2,0.5,.043
2004,4,35,SEA,Andre Emmett,Texas Tech,2,0.1,.040
2004,4,36,ORL,Antonio Burks,Memphis,2,0.1,.004
2004,4,37,ATL,Royal Ivey,Texas,10,4.5,.035
2004,4,38,CHI,Chris Duhon,Duke,9,25.0,.077
2004,4,39,TOR,Albert Miralles,,,,
2004,4,40,BOS,Justin Reed,Ole Miss,3,0.5,.016
2004,4,41,SEA,David Young,NC Central,,,
2004,4,42,ATL,Viktor Sanikidze,,,,
2004,4,43,NYK,Trevor Ariza,UCLA,18,64.3,.094
2004,4,44,NOH,Tim Pickett,Florida State,,,
2004,4,45,CHA,Bernard Robinson,Michigan,3,2.0,.049
2004,4,46,POR,Ha Seung-Jin,,2,-0.2,-.029
2004,4,47,MIA,Pape Sow,Cal State Fullerton,3,0.8,.044
2004,4,48,SAC,Ricky Minard,Morehead State University,,,
2004,4,49,MEM,Sergei Lishouk,,,,
2004,4,50,DAL,Vassilis Spanoulis,,1,-0.1,-.010
2004,4,51,NJN,Christian Drejer,Florida,,,
2004,4,52,SAS,Romain Sato,Xavier,,,
2004,4,53,MIA,Matt Freije,Vanderbilt,2,-0.6,-.047
2004,4,54,DET,Rickey Paulding,Missouri,,,
2004,4,55,HOU,Luis Flores,Manhattan University,1,0.0,-.020
2004,4,56,LAL,Marcus Douthit,Providence,,,
2004,4,57,SAS,Sergei Karaulov,,,,
2004,4,58,MIN,Blake Stepp,Gonzaga,,,
2004,4,59,IND,Rashad Wright,Georgia,,,
2005,1,1,MIL,Andrew Bogut,Utah,14,50.6,.122
2005,1,2,ATL,Marvin Williams,UNC,15,65.1,.104
2005,1,3,UTA,Deron Williams,Illinois,12,77.3,.129
2005,1,4,NOH,Chris Paul,Wake Forest,21,215.2,.225
2005,1,5,CHA,Raymond Felton,UNC,14,40.2,.067
2005,1,6,POR,Martell Webster,,10,24.7,.085
2005,1,7,TOR,Charlie Villanueva,UConn,11,22.6,.080
2005,1,8,NYK,Channing Frye,Arizona,13,38.9,.094
2005,1,9,GSW,Ike Diogu,Arizona State,6,6.5,.112
2005,1,10,LAL,Andrew Bynum,,8,37.4,.168
2005,1,11,ORL,Fran Vázquez,,,,
2005,1,12,LAC,Yaroslav Korolev,,2,-0.1,-.024
2005,1,13,CHA,Sean May,UNC,4,2.6,.068
2005,1,14,MIN,Rashad McCants,UNC,4,3.6,.035
2005,1,15,NJN,Antoine Wright,Texas A&M,6,3.1,.026
2005,1,16,TOR,Joey Graham,Oklahoma State,6,7.8,.061
2005,1,17,IND,Danny Granger,New Mexico,10,48.5,.126
2005,1,18,BOS,Gerald Green,,12,18.4,.068
2005,1,19,MEM,Hakim Warrick,Syracuse,8,20.4,.092
2005,1,20,DEN,Julius Hodge,NC State,2,0.0,.003
2005,1,21,PHO,Nate Robinson,Washington,11,27.8,.096
2005,1,22,DEN,Jarrett Jack,Georgia Tech,13,36.8,.073
2005,1,23,SAC,Francisco García,Louisville,10,18.2,.074
2005,1,24,HOU,Luther Head,Illinois,6,14.7,.090
2005,1,25,SEA,Johan Petro,,8,5.5,.037
2005,1,26,DET,Jason Maxiell,Cincinnati,10,20.3,.086
2005,1,27,POR,Linas Kleiza,Missouri,7,13.6,.080
2005,1,28,SAS,Ian Mahinmi,,12,26.1,.121
2005,1,29,MIA,Wayne Simien,Kansas,2,0.9,.083
2005,1,30,NYK,David Lee,Florida,12,76.0,.150
2005,3,31,ATL,Salim Stoudamire,Arizona,3,2.2,.040
2005,3,32,LAC,Daniel Ewing,Duke,2,0.8,.024
2005,3,33,NOH,Brandon Bass,LSU,12,42.8,.125
2005,3,34,UTA,C.J. Miles,,16,30.1,.084
2005,3,35,POR,Ricky Sánchez,,,,
2005,3,36,MIL,Ersan İlyasova,,13,48.8,.124
2005,3,37,LAL,Ronny Turiaf,Gonzaga,10,19.2,.115
2005,3,38,ORL,Travis Diener,Marquette,5,5.6,.102
2005,3,39,LAL,Von Wafer,Florida State,6,3.3,.064
2005,3,40,GSW,Monta Ellis,,12,41.9,.069
2005,3,41,TOR,Roko Ukić,,2,-0.2,-.007
2005,3,42,GSW,Chris Taft,Pitt,1,0.5,.155
2005,3,43,NJN,Mile Ilić,,1,-0.2,-1.264
2005,3,44,ORL,Martynas Andriuškevičius,,1,0.0,.155
2005,3,45,PHI,Lou Williams,,17,65.7,.116
2005,3,46,IND,Erazem Lorbek,,,,
2005,3,47,MIN,Bracey Wright,Indiana,2,0.5,.068
2005,3,48,SEA,Mickaël Gelabale,,3,3.0,.062
2005,3,49,WAS,Andray Blatche,,9,19.2,.074
2005,3,50,BOS,Ryan Gomes,Providence,8,19.4,.069
2005,3,51,UTA,Robert Whaley,Walsh University,1,0.0,.004
2005,3,52,DEN,Axel Hervelle,,,,
2005,3,53,BOS,Orien Greene,Louisiana,4,-0.7,-.022
2005,3,54,NYK,Dijon Thompson,UCLA,2,0.2,.102
2005,3,55,SEA,Lawrence Roberts,Mississippi State,2,2.5,.106
2005,3,56,DET,Amir Johnson,,14,55.3,.145
2005,3,57,PHO,Marcin Gortat,,12,61.3,.142
2005,3,58,TOR,Uroš Slokar,,1,0.1,.042
2005,3,59,ATL,Cenk Akyol,,,,
2005,3,60,DET,Alex Acker,Pepperdine,2,-0.2,-.043
2006,1,1,TOR,Andrea Bargnani,,10,18.9,.057
2006,1,2,CHI,LaMarcus Aldridge,Texas,16,115.6,.153
2006,1,3,CHA,Adam Morrison,Gonzaga,3,-1.4,-.021
2006,1,4,POR,Tyrus Thomas,LSU,8,13.0,.078
2006,1,5,ATL,Shelden Williams,Duke,6,9.9,.085
2006,1,6,MIN,Brandon Roy,Washington,6,37.4,.155
2006,1,7,BOS,Randy Foye,Villanova,11,23.5,.058
2006,1,8,HOU,Rudy Gay,UConn,17,61.0,.085
2006,1,9,GSW,Patrick O'Bryant,Bradley,4,0.5,.046
2006,1,10,SEA,Mouhamed Sene,,3,0.3,.052
2006,1,11,ORL,JJ Redick,Duke,15,63.7,.128
2006,1,12,NOK,Hilton Armstrong,UConn,6,3.9,.055
2006,1,13,PHI,Thabo Sefolosha,,14,39.3,.099
2006,1,14,UTA,Ronnie Brewer,Arkansas,8,30.4,.127
2006,1,15,NOK,Cedric Simmons,NC State,3,0.1,.005
2006,1,16,CHI,Rodney Carney,Memphis,5,6.2,.064
2006,1,17,IND,Shawne Williams,Memphis,7,6.7,.060
2006,1,18,WAS,Oleksiy Pecherov,,3,0.5,.025
2006,1,19,SAC,Quincy Douby,Rutgers University,3,0.0,.000
2006,1,20,NYK,Renaldo Balkman,South Carolina,6,7.2,.113
2006,1,21,PHO,Rajon Rondo,Kentucky,16,61.8,.104
2006,1,22,NJN,Marcus Williams,UConn,4,0.0,-.001
2006,1,23,NJN,Josh Boone,UConn,4,9.1,.097
2006,1,24,MEM,Kyle Lowry,Villanova,20,112.4,.147
2006,1,25,CLE,Shannon Brown,Michigan State,9,9.2,.060
2006,1,26,LAL,Jordan Farmar,UCLA,10,13.9,.068
2006,1,27,PHO,Sergio Rodríguez,,5,4.3,.039
2006,1,28,DAL,Maurice Ager,Michigan State,4,-0.9,-.089
2006,1,29,NYK,Mardy Collins,Temple,4,-1.6,-.027
2006,1,30,POR,Joel Freeland,,3,3.2,.084
2006,3,31,POR,James White,Cincinnati,3,0.8,.062
2006,3,32,HOU,Steve Novak,Marquette,11,14.5,.123
2006,3,33,ATL,Solomon Jones,South Florida,8,5.0,.078
2006,3,34,LAC,Paul Davis,Michigan State,4,0.5,.035
2006,3,35,TOR,P.J. Tucker,Texas,14,43.3,.083
2006,3,36,MIN,Craig Smith,Boston College,6,16.0,.113
2006,3,37,MIN,Bobby Jones,Washington,2,1.1,.060
2006,3,38,GSW,Kosta Perović,,1,0.0,.060
2006,3,39,MIL,David Noel,UNC,1,0.4,.024
2006,3,40,SEA,Denham Brown,UConn,,,
2006,3,41,ORL,James Augustine,Illinois,2,0.3,.101
2006,3,42,CLE,Daniel Gibson,Texas,7,16.0,.082
2006,3,43,NOK,Marcus Vinicius,,2,0.2,.056
2006,3,44,ORL,Lior Eliyahu,,,,
2006,3,45,IND,Alexander Johnson,Florida State,2,1.5,.056
2006,3,46,UTA,Dee Brown,Illinois,2,0.1,.008
2006,3,47,UTA,Paul Millsap,Louisiana Tech,16,95.4,.150
2006,3,48,WAS,Vladimir Veremeenko,,,,
2006,3,49,DEN,Leon Powe,California,5,12.0,.174
2006,3,50,CHA,Ryan Hollins,UCLA,10,10.4,.081
2006,3,51,LAL,Cheikh Samb,,2,-0.1,-.056
2006,3,52,LAC,Guillermo Díaz,Miami (FL),1,0.0,.033
2006,3,53,SEA,Yotam Halperin,,,,
2006,3,54,NJN,Hassan Adams,Arizona,2,0.8,.072
2006,3,55,CLE,Ejike Ugboaja,,,,
2006,3,56,TOR,Edin Bavčić,,,,
2006,3,57,MIN,Loukas Mavrokefalidis,,,,
2006,3,58,DAL,J.R. Pinnock,George Washington,,,
2006,3,59,SAS,Damir Markota,,1,-0.2,-.070
2006,3,60,DET,Will Blalock,Iowa State,1,-0.1,-.032
2007,1,1,POR,Greg Oden,Ohio State,3,7.3,.174
2007,1,2,SEA,Kevin Durant,Texas,18,186.1,.203
2007,1,3,ATL,Al Horford,Florida,19,119.4,.155
2007,1,4,MEM,Mike Conley,Ohio State,19,107.6,.137
2007,1,5,BOS,Jeff Green,Georgetown,18,56.1,.080
2007,1,6,MIL,Yi Jianlian,,5,3.1,.025
2007,1,7,MIN,Corey Brewer,Florida,13,22.5,.058
2007,1,8,CHA,Brandan Wright,UNC,10,26.2,.181
2007,1,9,CHI,Joakim Noah,Florida,13,61.9,.159
2007,1,10,SAC,Spencer Hawes,Washington,10,22.6,.070
2007,1,11,ATL,Acie Law,Texas A&M,4,1.6,.032
2007,1,12,PHI,Thaddeus Young,Georgia Tech,17,71.9,.105
2007,1,13,NOK,Julian Wright,Kansas,4,3.9,.061
2007,1,14,LAC,Al Thornton,Florida State,4,6.1,.035
2007,1,15,DET,Rodney Stuckey,Eastern Washington,10,28.7,.077
2007,1,16,WAS,Nick Young,USC,12,18.6,.054
2007,1,17,NJN,Sean Williams,Boston College,4,3.0,.073
2007,1,18,GSW,Marco Belinelli,,13,30.5,.075
2007,1,19,LAL,Javaris Crittenton,Georgia Tech,2,0.1,.002
2007,1,20,MIA,Jason Smith,Colorado State,11,14.1,.067
2007,1,21,PHI,Daequan Cook,Ohio State,6,4.9,.039
2007,1,22,CHA,Jared Dudley,Boston College,14,43.0,.103
2007,1,23,NYK,Wilson Chandler,DePaul,12,29.0,.069
2007,1,24,PHO,Rudy Fernández,,4,14.2,.114
2007,1,25,UTA,Morris Almond,Rice University,3,0.0,.005
2007,1,26,HOU,Aaron Brooks,Oregon,10,19.2,.069
2007,1,27,DET,Arron Afflalo,UCLA,11,33.5,.077
2007,1,28,SAS,Tiago Splitter,,7,25.3,.178
2007,1,29,PHO,Alando Tucker,Wisconsin,3,0.4,.045
2007,1,30,PHI,Petteri Koponen,,,,
2007,3,31,SEA,Carl Landry,Purdue,9,35.9,.149
2007,3,32,BOS,Gabe Pruitt,USC,2,0.4,.043
2007,3,33,SAS,Marcus Williams,Arizona,2,-0.1,-.084
2007,3,34,DAL,Nick Fazekas,Nevada,1,0.8,.148
2007,3,35,SEA,Glen Davis,LSU,8,18.6,.082
2007,3,36,GSW,Jermareo Davidson,Alabama,2,0.0,.000
2007,3,37,POR,Josh McRoberts,Duke,11,18.5,.107
2007,3,38,PHI,Kyrylo Fesenko,,5,0.9,.038
2007,3,39,MIA,Stanko Barać,,,,
2007,3,40,LAL,Sun Yue,,1,-0.1,-.226
2007,3,41,MIN,Chris Richard,Florida,2,0.7,.045
2007,3,42,POR,Derrick Byars,Vanderbilt,1,0.1,.147
2007,3,43,NOK,Adam Haluska,Iowa,,,
2007,3,44,ORL,Reyshawn Terry,UNC,,,
2007,3,45,LAC,Jared Jordan,Marist College,,,
2007,3,46,GSW,Stéphane Lasme,UMass,1,0.3,.041
2007,3,47,WAS,Dominic McGuire,Fresno State,6,4.1,.037
2007,3,48,LAL,Marc Gasol,,13,85.3,.143
2007,3,49,CHI,Aaron Gray,Pitt,7,6.2,.077
2007,3,50,DAL,Renaldas Seibutis,,,,
2007,3,51,CHI,JamesOn Curry,Oklahoma State,1,0.0,
2007,3,52,POR,Taurean Green,Florida,1,-0.1,-.066
2007,3,53,POR,Demetris Nichols,Syracuse,2,-0.2,-.203
2007,3,54,HOU,Brad Newley,,,,
2007,3,55,UTA,Herbert Hill,Providence,,,
2007,3,56,MIL,Ramon Sessions,Nevada,11,28.8,.086
2007,3,57,DET,Sammy Mejia,DePaul,,,
2007,3,58,SAS,Georgios Printezis,,,,
2007,3,59,PHO,D.J. Strawberry,Maryland,1,-0.2,-.031
2007,3,60,DAL,Milovan Raković,,,,
2008,1,1,CHI,Derrick Rose,Memphis,15,44.6,.097
2008,1,2,MIA,Michael Beasley,Kansas State,11,15.6,.054
2008,1,3,MIN,O.J. Mayo,USC,8,21.8,.062
2008,1,4,SEA,Russell Westbrook,UCLA,18,112.9,.126
2008,1,5,MEM,Kevin Love,UCLA,18,96.0,.164
2008,1,6,NYK,Danilo Gallinari,,14,65.4,.140
2008,1,7,LAC,Eric Gordon,Indiana,18,42.1,.070
2008,1,8,MIL,Joe Alexander,West Virginia,2,0.5,.030
2008,1,9,CHA,D.J. Augustin,Texas,14,47.7,.100
2008,1,10,NJN,Brook Lopez,Stanford,18,94.2,.129
2008,1,11,IND,Jerryd Bayless,Arizona,11,18.6,.072
2008,1,12,SAC,Jason Thompson,Rider University,8,23.8,.077
2008,1,13,POR,Brandon Rush,Kansas,9,11.2,.051
2008,1,14,GSW,Anthony Randolph,LSU,6,5.8,.072
2008,1,15,PHO,Robin Lopez,Stanford,16,49.6,.114
2008,1,16,PHI,Marreese Speights,Florida,10,25.8,.116
2008,1,17,TOR,Roy Hibbert,Georgetown,9,35.9,.105
2008,1,18,WAS,JaVale McGee,Nevada,16,43.7,.143
2008,1,19,CLE,J.J. Hickson,NC State,8,21.9,.088
2008,1,20,CHA,Alexis Ajinça,,7,7.5,.093
2008,1,21,NJN,Ryan Anderson,California,12,46.7,.134
2008,1,22,ORL,Courtney Lee,Western Kentucky,12,39.3,.086
2008,1,23,UTA,Kosta Koufos,Ohio State,11,28.3,.120
2008,1,24,SEA,Serge Ibaka,,14,73.0,.139
2008,1,25,HOU,Nicolas Batum,,18,75.6,.107
2008,1,26,SAS,George Hill,IUPUI,15,71.0,.139
2008,1,27,NOH,Darrell Arthur,Kansas,9,12.3,.066
2008,1,28,MEM,Donté Greene,Syracuse,4,1.5,.017
2008,1,29,DET,D.J. White,Indiana,6,3.8,.087
2008,1,30,BOS,J.R. Giddens,New Mexico,2,0.1,.027
2008,3,31,MIN,Nikola Peković,,6,18.8,.134
2008,3,32,SEA,Walter Sharpe,UAB,1,-0.1,-.131
2008,3,33,POR,Joey Dorsey,Memphis,4,2.9,.092
2008,3,34,MIN,Mario Chalmers,Kansas,9,32.3,.090
2008,3,35,LAC,DeAndre Jordan,Texas A&M,18,99.4,.170
2008,3,36,POR,Ömer Aşık,,8,20.9,.109
2008,3,37,MIL,Luc Mbah a Moute,UCLA,12,26.0,.078
2008,3,38,CHA,Kyle Weaver,Washington State,3,1.5,.051
2008,3,39,CHI,Sonny Weems,Arkansas,4,0.0,.001
2008,3,40,NJN,Chris Douglas-Roberts,Memphis,6,5.4,.059
2008,3,41,IND,Nathan Jawai,,2,0.2,.020
2008,3,42,SAC,Sean Singletary,Virginia,1,0.0,.006
2008,3,43,SAC,Patrick Ewing,Georgetown,1,-0.1,-.158
2008,3,44,UTA,Ante Tomić,,,,
2008,3,45,SAS,Goran Dragić,,15,56.7,.106
2008,3,46,SEA,Trent Plaisted,BYU,,,
2008,3,47,WAS,Henry Walker,Kansas State,5,5.0,.079
2008,3,48,PHO,Malik Hairston,Oregon,2,0.8,.086
2008,3,49,GSW,Richard Hendrix,Alabama,,,
2008,3,50,SEA,DeVon Hardin,California,,,
2008,3,51,DAL,Shan Foster,Vanderbilt,,,
2008,3,52,MIA,Darnell Jackson,Kansas,3,1.3,.059
2008,3,53,UTA,Tadija Dragićević,,,,
2008,3,54,HOU,Maarty Leunen,Oregon,,,
2008,3,55,POR,Mike Taylor,Iowa State,1,-0.4,-.028
2008,3,56,SEA,Sasha Kaun,Kansas,1,0.2,.096
2008,3,57,SAS,James Gist,Maryland,,,
2008,3,58,LAL,Joe Crawford,Kentucky,1,0.0,.037
2008,3,59,DET,Deron Washington,Virginia Tech,,,
2008,3,60,BOS,Semih Erden,,2,1.8,.094
2009,1,1,LAC,Blake Griffin,Oklahoma,13,81.1,.160
2009,1,2,MEM,Hasheem Thabeet,UConn,5,4.8,.099
2009,1,3,OKC,James Harden,Arizona State,17,182.4,.206
2009,1,4,SAC,Tyreke Evans,Memphis,10,28.4,.075
2009,1,5,MIN,Ricky Rubio,,12,42.3,.098
2009,1,6,MIN,Jonny Flynn,Syracuse,3,-1.1,-.015
2009,1,7,GSW,Stephen Curry,Davidson,17,147.1,.195
2009,1,8,NYK,Jordan Hill,Arizona,8,16.4,.102
2009,1,9,TOR,DeMar DeRozan,USC,17,114.1,.126
2009,1,10,MIL,Brandon Jennings,,9,29.9,.085
2009,1,11,NJN,Terrence Williams,Louisville,4,-0.2,-.004
2009,1,12,CHA,Gerald Henderson,Duke,8,18.3,.063
2009,1,13,IND,Tyler Hansbrough,UNC,7,20.2,.134
2009,1,14,PHO,Earl Clark,Louisville,6,2.9,.038
2009,1,15,DET,Austin Daye,Gonzaga,6,4.5,.053
2009,1,16,CHI,James Johnson,Wake Forest,16,27.4,.084
2009,1,17,PHI,Jrue Holiday,UCLA,17,78.1,.105
2009,1,18,MIN,Ty Lawson,UNC,8,42.1,.126
2009,1,19,ATL,Jeff Teague,Wake Forest,12,52.4,.113
2009,1,20,UTA,Eric Maynor,VCU,5,3.3,.041
2009,1,21,NOH,Darren Collison,UCLA,11,49.9,.115
2009,1,22,POR,Victor Claver,,3,0.2,.011
2009,1,23,SAC,Omri Casspi,,10,19.6,.078
2009,1,24,DAL,Byron Mullens,Ohio State,5,0.6,.008
2009,1,25,OKC,Rodrigue Beaubois,,4,4.8,.079
2009,1,26,CHI,Taj Gibson,USC,17,60.5,.125
2009,1,27,MEM,DeMarre Carroll,Missouri,11,29.5,.104
2009,1,28,MIN,Wayne Ellington,UNC,13,21.1,.063
2009,1,29,LAL,Toney Douglas,Florida State,8,12.1,.077
2009,1,30,CLE,Christian Eyenga,,2,-0.4,-.020
2009,3,31,SAC,Jeff Ayres,Arizona State,6,6.3,.131
2009,3,32,WAS,Jermaine Taylor,Central Florida,2,0.2,.014
2009,3,33,POR,Dante Cunningham,Villanova,10,24.9,.080
2009,3,34,DEN,Sergio Llull,,,,
2009,3,35,DET,DaJuan Summers,Georgetown,4,-0.1,-.008
2009,3,36,MEM,Sam Young,Pitt,4,5.2,.063
2009,3,37,SAS,DeJuan Blair,Pitt,7,19.0,.129
2009,3,38,POR,Jon Brockman,Washington,3,3.7,.113
2009,3,39,DET,Jonas Jerebko,,9,25.8,.109
2009,3,40,CHA,Derrick Brown,Xavier,3,4.5,.085
2009,3,41,MIL,Jodie Meeks,Kentucky,10,24.3,.096
2009,3,42,LAL,Patrick Beverley,Arkansas,12,40.2,.109
2009,3,43,MIA,Marcus Thornton,LSU,8,20.0,.085
2009,3,44,DET,Chase Budinger,Arizona,7,13.9,.083
2009,3,45,MIN,Nick Calathes,Florida,2,2.6,.063
2009,3,46,CLE,Danny Green,UNC,15,49.3,.113
2009,3,47,MIN,Henk Norel,,,,
2009,3,48,PHO,Taylor Griffin,Oklahoma,1,0.0,-.039
2009,3,49,ATL,Sergiy Gladyr,,,,
2009,3,50,UTA,Goran Suton,Michigan State,,,
2009,3,51,SAS,Jack McClinton,Miami (FL),,,
2009,3,52,IND,A.J. Price,UConn,6,4.7,.058
2009,3,53,SAS,Nando De Colo,,2,2.4,.081
2009,3,54,CHA,Robert Vaden,UAB,,,
2009,3,55,POR,Patty Mills,Saint Mary's,16,35.9,.094
2009,3,56,DAL,Ahmad Nivins,Saint Joseph's,,,
2009,3,57,PHO,Emir Preldžić,,,,
2009,3,58,BOS,Lester Hudson,University of Tennessee at Martin,4,0.2,.016
2009,3,59,LAL,Chinemelu Elonu,Texas A&M,,,
2009,3,60,MIA,Robert Dozier,Memphis,,,
2010,1,1,WAS,John Wall,Kentucky,11,44.5,.094
2010,1,2,PHI,Evan Turner,Ohio State,10,20.2,.051
2010,1,3,NJN,Derrick Favors,Georgia Tech,12,60.2,.150
2010,1,4,MIN,Wesley Johnson,Syracuse,9,10.7,.038
2010,1,5,SAC,DeMarcus Cousins,Kentucky,11,46.8,.115
2010,1,6,GSW,Ekpe Udoh,Baylor,7,10.4,.088
2010,1,7,DET,Greg Monroe,Georgetown,10,50.4,.137
2010,1,8,LAC,Al-Farouq Aminu,Wake Forest,11,27.6,.075
2010,1,9,UTA,Gordon Hayward,Butler,14,63.5,.119
2010,1,10,IND,Paul George,Fresno State,16,92.0,.140
2010,1,11,NOH,Cole Aldrich,Kansas,8,9.6,.135
2010,1,12,MEM,Xavier Henry,Kansas,5,0.8,.013
2010,1,13,TOR,Ed Davis,UNC,12,43.3,.151
2010,1,14,HOU,Patrick Patterson,Kentucky,11,31.9,.102
2010,1,15,MIL,Larry Sanders,VCU,6,10.3,.107
2010,1,16,MIN,Luke Babbitt,Nevada,8,7.2,.065
2010,1,17,CHI,Kevin Séraphin,,7,5.9,.044
2010,1,18,OKC,Eric Bledsoe,Kentucky,12,46.1,.105
2010,1,19,BOS,Avery Bradley,Texas,12,17.2,.045
2010,1,20,SAS,James Anderson,Oklahoma State,5,3.3,.037
2010,1,21,OKC,Craig Brackins,Iowa State,2,-0.2,-.089
2010,1,22,POR,Elliot Williams,Memphis,4,0.7,.024
2010,1,23,MIN,Trevor Booker,Clemson,8,26.2,.116
2010,1,24,ATL,Damion James,Texas,4,0.0,-.001
2010,1,25,MEM,Dominique Jones,South Florida,3,0.3,.017
2010,1,26,OKC,Quincy Pondexter,Washington,7,9.7,.084
2010,1,27,NJN,Jordan Crawford,Xavier,6,6.3,.044
2010,1,28,MEM,Greivis Vásquez,Maryland,7,12.6,.064
2010,1,29,ORL,Daniel Orton,Kentucky,3,1.0,.093
2010,1,30,WAS,Lazar Hayward,Marquette,3,0.2,.020
2010,3,31,NJN,Tibor Pleiß,,1,-0.1,-.041
2010,3,32,MIA,Dexter Pittman,Texas,4,0.5,.068
2010,3,33,SAC,Hassan Whiteside,Marshall,10,52.0,.197
2010,3,34,POR,Armon Johnson,Nevada,2,-0.1,-.015
2010,3,35,WAS,Nemanja Bjelica,,7,20.0,.104
2010,3,36,DET,Terrico White,Ole Miss,,,
2010,3,37,MIL,Darington Hobson,New Mexico,1,-0.2,-.225
2010,3,38,NYK,Andy Rautins,Syracuse,1,-0.2,-.314
2010,3,39,NYK,Landry Fields,Stanford,5,10.5,.084
2010,3,40,IND,Lance Stephenson,Cincinnati,10,17.5,.066
2010,3,41,MIA,Jarvis Varnado,Mississippi State,2,0.7,.089
2010,3,42,MIA,Da'Sean Butler,West Virginia,,,
2010,3,43,LAL,Devin Ebanks,West Virginia,3,0.5,.035
2010,3,44,MIL,Jerome Jordan,Tulsa,2,1.7,.168
2010,3,45,MIN,Paulão Prestes,,,,
2010,3,46,PHO,Gani Lawal,Georgia Tech,1,0.0,-.009
2010,3,47,MIL,Tiny Gallon,Oklahoma,,,
2010,3,48,MIA,Latavious Williams,,,,
2010,3,49,SAS,Ryan Richards,,,,
2010,3,50,DAL,Solomon Alabi,Florida State,2,0.0,.010
2010,3,51,OKC,Magnum Rolle,Louisiana Tech,,,
2010,3,52,BOS,Luke Harangody,Notre Dame,2,0.9,.048
2010,3,53,ATL,Pape Sy,,1,0.0,-.047
2010,3,54,LAC,Willie Warren,Oklahoma,1,0.2,.065
2010,3,55,UTA,Jeremy Evans,Western Kentucky,7,8.2,.150
2010,3,56,MIN,Hamady N'Diaye,Rutgers University,3,0.0,.013
2010,3,57,IND,Ryan Reid,Florida State,1,0.1,.142
2010,3,58,LAL,Derrick Caracter,Texas-El Paso,1,0.3,.057
2010,3,59,ORL,Stanley Robinson,UConn,,,
2010,3,60,PHO,Dwayne Collins,Miami (FL),,,
2011,1,1,CLE,Kyrie Irving,Duke,14,91.0,.163
2011,1,2,MIN,Derrick Williams,Arizona,7,14.1,.076
2011,1,3,UTA,Enes Freedom,,11,52.8,.157
2011,1,4,CLE,Tristan Thompson,Texas,13,49.3,.116
2011,1,5,TOR,Jonas Valančiūnas,,14,87.6,.172
2011,1,6,WAS,Jan Veselý,,3,4.0,.078
2011,1,7,SAC,Bismack Biyombo,,15,33.3,.094
2011,1,8,DET,Brandon Knight,Kentucky,9,11.6,.042
2011,1,9,CHA,Kemba Walker,UConn,12,59.8,.116
2011,1,10,MIL,Jimmer Fredette,BYU,6,2.2,.033
2011,1,11,GSW,Klay Thompson,Washington State,13,57.6,.094
2011,1,12,UTA,Alec Burks,Colorado,14,31.7,.087
2011,1,13,PHO,Markieff Morris,Kansas,14,27.3,.071
2011,1,14,HOU,Marcus Morris,Kansas,13,39.4,.086
2011,1,15,IND,Kawhi Leonard,San Diego State,14,111.9,.212
2011,1,16,PHI,Nikola Vučević,USC,15,84.3,.125
2011,1,17,NYK,Iman Shumpert,Georgia Tech,10,12.9,.054
2011,1,18,WAS,Chris Singleton,Florida State,3,2.3,.042
2011,1,19,CHA,Tobias Harris,Tennessee,15,80.6,.119
2011,1,20,MIN,Donatas Motiejūnas,,6,7.1,.075
2011,1,21,POR,Nolan Smith,Duke,2,-0.8,-.047
2011,1,22,DEN,Kenneth Faried,Morehead State University,8,38.8,.159
2011,1,23,HOU,Nikola Mirotić,,5,20.8,.129
2011,1,24,OKC,Reggie Jackson,Boston College,14,36.3,.080
2011,1,25,BOS,MarShon Brooks,Providence,5,3.3,.046
2011,1,26,DAL,Jordan Hamilton,Texas,5,3.0,.069
2011,1,27,NJN,JaJuan Johnson,Purdue,1,0.2,.032
2011,1,28,CHI,Norris Cole,Cleveland State University,6,3.0,.018
2011,1,29,SAS,Cory Joseph,Texas,14,32.1,.084
2011,1,30,CHI,Jimmy Butler,Marquette,15,129.4,.207
2011,3,31,MIA,Bojan Bogdanović,,10,37.6,.086
2011,3,32,CLE,Justin Harper,Richmond,3,-0.3,-.093
2011,3,33,DET,Kyle Singler,Duke,6,10.0,.062
2011,3,34,WAS,Shelvin Mack,Butler,8,10.3,.059
2011,3,35,SAC,Tyler Honeycutt,UCLA,2,-0.1,-.049
2011,3,36,NJN,Jordan Williams,Maryland,1,1.3,.101
2011,3,37,LAC,Trey Thompkins,Georgia,1,0.0,.004
2011,3,38,HOU,Chandler Parsons,Florida,9,28.9,.105
2011,3,39,CHA,Jeremy Tyler,,3,0.3,.014
2011,3,40,MIL,Jon Leuer,Wisconsin,8,13.2,.107
2011,3,41,LAL,Darius Morris,Michigan,4,-0.3,-.010
2011,3,42,IND,Dāvis Bertāns,,8,18.6,.105
2011,3,43,CHI,Malcolm Lee,UCLA,3,0.4,.040
2011,3,44,GSW,Charles Jenkins,Hofstra,2,0.5,.017
2011,3,45,NOH,Josh Harrellson,Kentucky,3,2.1,.116
2011,3,46,LAL,Andrew Goudelock,College of Charleston,3,0.0,.003
2011,3,47,LAC,Travis Leslie,Georgia,1,0.1,.060
2011,3,48,ATL,Keith Benson,Oakland,1,0.0,-.005
2011,3,49,MEM,Josh Selby,Kansas,2,-0.7,-.113
2011,3,50,PHI,Lavoy Allen,Temple,6,13.8,.096
2011,3,51,POR,Jon Diebler,Ohio State,,,
2011,3,52,DET,Vernon Macklin,Florida,1,0.5,.161
2011,3,53,ORL,DeAndre Liggins,Kentucky,5,1.6,.040
2011,3,54,CLE,Milan Mačvan,,,,
2011,3,55,BOS,E'Twaun Moore,Purdue,10,14.8,.057
2011,3,56,LAL,Chukwudiebere Maduabum,,,,
2011,3,57,DAL,Tanguy Ngombo,,,,
2011,3,58,LAL,Ater Majok,,,,
2011,3,59,SAS,Ádám Hanga,,,,
2011,3,60,SAC,Isaiah Thomas,Washington,12,45.3,.140
2012,1,1,NOH,Anthony Davis,Kentucky,14,120.1,.208
2012,1,2,CHA,Michael Kidd-Gilchrist,Kentucky,8,21.0,.092
2012,1,3,WAS,Bradley Beal,Florida,14,58.4,.101
2012,1,4,CLE,Dion Waiters,Syracuse,8,8.8,.036
2012,1,5,SAC,Thomas Robinson,Kansas,5,4.6,.053
2012,1,6,POR,Damian Lillard,Weber State,13,118.4,.174
2012,1,7,GSW,Harrison Barnes,UNC,14,66.4,.097
2012,1,8,TOR,Terrence Ross,Washington,11,25.0,.067
2012,1,9,DET,Andre Drummond,UConn,14,80.0,.151
2012,1,10,NOH,Austin Rivers,Duke,11,15.2,.043
2012,1,11,POR,Meyers Leonard,Illinois,10,15.8,.104
2012,1,12,HOU,Jeremy Lamb,UConn,10,26.8,.108
2012,1,13,PHO,Kendall Marshall,UNC,4,1.0,.015
2012,1,14,MIL,John Henson,UNC,8,20.7,.113
2012,1,15,PHI,Maurice Harkless,St. John's,10,23.0,.079
2012,1,16,HOU,Royce White,Iowa State,1,0.0,-.121
2012,1,17,DAL,Tyler Zeller,UNC,8,17.1,.113
2012,1,18,HOU,Terrence Jones,Kentucky,6,14.7,.127
2012,1,19,ORL,Andrew Nicholson,St. Bonaventure,5,3.8,.045
2012,1,20,DEN,Evan Fournier,,12,30.5,.075
2012,1,21,BOS,Jared Sullinger,Ohio State,5,15.3,.113
2012,1,22,BOS,Fab Melo,Syracuse,1,0.0,.021
2012,1,23,ATL,John Jenkins,Vanderbilt,6,3.0,.065
2012,1,24,CLE,Jared Cunningham,Oregon State,4,0.2,.017
2012,1,25,MEM,Tony Wroten,Washington,4,-1.3,-.021
2012,1,26,IND,Miles Plumlee,Duke,7,10.6,.090
2012,1,27,MIA,Arnett Moultrie,Mississippi State,2,1.7,.113
2012,1,28,OKC,Perry Jones,Baylor,3,1.7,.048
2012,1,29,CHI,Marquis Teague,Kentucky,3,-0.9,-.045
2012,1,30,GSW,Festus Ezeli,Vanderbilt,3,5.9,.119
2012,3,31,CHA,Jeff Taylor,Vanderbilt,3,1.3,.024
2012,3,32,WAS,Tomáš Satoranský,,6,17.9,.100
2012,3,33,CLE,Bernard James,Florida State,3,1.9,.117
2012,3,34,CLE,Jae Crowder,Marquette,13,43.0,.102
2012,3,35,GSW,Draymond Green,Michigan State,14,66.3,.117
2012,3,36,SAC,Orlando Johnson,UC Santa Barbara,3,1.4,.059
2012,3,37,TOR,Quincy Acy,Baylor,7,8.7,.078
2012,3,38,DEN,Quincy Miller,Baylor,3,-0.1,-.003
2012,3,39,DET,Khris Middleton,Texas A&M,14,58.2,.111
2012,3,40,POR,Will Barton,Memphis,11,26.5,.074
2012,3,41,POR,Tyshawn Taylor,Kansas,2,-0.9,-.088
2012,3,42,MIL,Doron Lamb,Kentucky,2,0.1,.005
2012,3,43,ATL,Mike Scott,Virginia,9,16.8,.088
2012,3,44,DET,Kim English,Missouri,1,0.2,.021
2012,3,45,PHI,Justin Hamilton,LSU,3,3.7,.091
2012,3,46,NOH,Darius Miller,Kentucky,6,6.5,.059
2012,3,47,UTA,Kevin Murphy,Tennessee Technological University,1,-0.3,-.272
2012,3,48,NYK,Kostas Papanikolaou,,2,0.3,.015
2012,3,49,ORL,Kyle O'Quinn,Norfolk State,8,17.8,.128
2012,3,50,DEN,İzzet Türkyılmaz,,,,
2012,3,51,BOS,Kris Joseph,Syracuse,1,-0.1,-.127
2012,3,52,GSW,Ognjen Kuzmić,,2,0.2,.061
2012,3,53,LAC,Furkan Aldemir,,1,1.4,.122
2012,3,54,PHI,Tornike Shengelia,,2,-0.2,-.032
2012,3,55,DAL,Darius Johnson-Odom,Marquette,2,-0.3,-.597
2012,3,56,TOR,Tomislav Zubčić,,,,
2012,3,57,NJN,İlkan Karaman,,,,
2012,3,58,MIN,Robbie Hummel,Purdue,2,1.9,.066
2012,3,59,SAS,Marcus Denmon,Missouri,,,
2012,3,60,LAL,Robert Sacre,Gonzaga,4,2.4,.042
2013,1,1,CLE,Anthony Bennett,UNLV,4,0.5,.013
2013,1,2,ORL,Victor Oladipo,Indiana,10,25.6,.076
2013,1,3,WAS,Otto Porter Jr.,Georgetown,11,36.7,.132
2013,1,4,CHA,Cody Zeller,Indiana,11,33.5,.140
2013,1,5,PHO,Alex Len,Maryland,12,23.9,.097
2013,1,6,NOH,Nerlens Noel,Kentucky,9,28.3,.132
2013,1,7,SAC,Ben McLemore,Kansas,9,9.0,.035
2013,1,8,DET,Kentavious Caldwell-Pope,Georgia,13,49.2,.084
2013,1,9,MIN,Trey Burke,Michigan,9,12.9,.060
2013,1,10,POR,CJ McCollum,Lehigh,13,54.9,.096
2013,1,11,PHI,Michael Carter-Williams,Syracuse,9,6.6,.032
2013,1,12,OKC,Steven Adams,Pitt,12,63.7,.149
2013,1,13,DAL,Kelly Olynyk,Gonzaga,13,47.1,.123
2013,1,14,UTA,Shabazz Muhammad,UCLA,5,8.5,.085
2013,1,15,MIL,Giannis Antetokounmpo,,13,125.8,.206
2013,1,16,BOS,Lucas Nogueira,,4,6.0,.165
2013,1,17,ATL,Dennis Schröder,,13,34.2,.066
2013,1,18,ATL,Shane Larkin,Miami (FL),4,4.4,.044
2013,1,19,CLE,Sergey Karasev,,3,0.8,.036
2013,1,20,CHI,Tony Snell,New Mexico,9,18.5,.068
2013,1,21,UTA,Gorgui Dieng,Louisville,10,30.7,.117
2013,1,22,BRK,Mason Plumlee,Duke,13,58.4,.148
2013,1,23,IND,Solomon Hill,Arizona,9,11.9,.059
2013,1,24,NYK,Tim Hardaway Jr.,Michigan,13,38.2,.075
2013,1,25,LAC,Reggie Bullock,UNC,11,21.4,.082
2013,1,26,MIN,Andre Roberson,Colorado,7,12.6,.089
2013,1,27,DEN,Rudy Gobert,,13,124.9,.216
2013,1,28,SAS,Livio Jean-Charles,,,,
2013,1,29,OKC,Archie Goodwin,Kentucky,4,1.1,.022
2013,1,30,PHO,Nemanja Nedović,,1,-0.4,-.132
2013,3,31,CLE,Allen Crabbe,California,7,13.7,.072
2013,3,32,OKC,Álex Abrines,,3,5.0,.086
2013,3,33,CLE,Carrick Felix,Arizona State,1,0.0,.057
2013,3,34,HOU,Isaiah Canaan,Murray State,6,4.3,.043
2013,3,35,PHI,Glen Rice Jr.,Georgia Tech,2,-0.2,-.065
2013,3,36,SAC,Ray McCallum,Detroit Mercy,3,2.1,.035
2013,3,37,DET,Tony Mitchell,University of North Texas,1,0.2,.151
2013,3,38,WAS,Nate Wolters,South Dakota State,3,0.9,.028
2013,3,39,POR,Jeff Withey,Kansas,5,6.8,.157
2013,3,40,POR,Grant Jerrett,Arizona,1,-0.1,-.128
2013,3,41,MEM,Jamaal Franklin,San Diego State,2,0.0,-.006
2013,3,42,PHI,Pierre Jackson,Baylor,1,0.0,.021
2013,3,43,MIL,Ricky Ledo,Providence,2,-0.6,-.096
2013,3,44,DAL,Mike Muscala,Bucknell,11,19.2,.112
2013,3,45,POR,Marko Todorović,,,,
2013,3,46,UTA,Erick Green,Virginia Tech,2,0.1,.011
2013,3,47,ATL,Raul Neto,,8,11.6,.082
2013,3,48,LAL,Ryan Kelly,Duke,4,3.0,.046
2013,3,49,CHI,Erik Murphy,Florida,1,-0.1,-.055
2013,3,50,ATL,James Ennis III,Cal State Long Beach,8,16.2,.097
2013,3,51,ORL,Romero Osby,Oklahoma,,,
2013,3,52,MIN,Lorenzo Brown,NC State,5,-0.2,-.007
2013,3,53,IND,Colton Iverson,Colorado State,,,
2013,3,54,WAS,Arsalan Kazemi,Oregon,,,
2013,3,55,MEM,Joffrey Lauvergne,,4,5.2,.089
2013,3,56,DET,Peyton Siva,Louisville,1,-0.2,-.032
2013,3,57,PHO,Alex Oriakhi,Missouri,,,
2013,3,58,SAS,Deshaun Thomas,Ohio State,,,
2013,3,59,MIN,Bojan Dubljević,,,,
2013,3,60,MEM,Jānis Timma,,,,
2014,1,1,CLE,Andrew Wiggins,Kansas,12,37.6,.065
2014,1,2,MIL,Jabari Parker,Duke,8,13.8,.078
2014,1,3,PHI,Joel Embiid,Kansas,10,69.0,.212
2014,1,4,ORL,Aaron Gordon,Arizona,12,50.1,.109
2014,1,5,UTA,Danté Exum,,8,6.6,.053
2014,1,6,BOS,Marcus Smart,Oklahoma State,12,36.2,.085
2014,1,7,LAL,Julius Randle,Kentucky,12,56.9,.108
2014,1,8,SAC,Nik Stauskas,Michigan,6,3.9,.028
2014,1,9,CHO,Noah Vonleh,Indiana,8,9.4,.077
2014,1,10,PHI,Elfrid Payton,Louisiana,9,15.1,.052
2014,1,11,DEN,Doug McDermott,Creighton,12,21.7,.074
2014,1,12,ORL,Dario Šarić,,9,20.8,.090
2014,1,13,MIN,Zach LaVine,UCLA,12,38.6,.082
2014,1,14,PHO,T.J. Warren,NC State,9,20.9,.097
2014,1,15,ATL,Adreian Payne,Michigan State,4,-0.6,-.019
2014,1,16,CHI,Jusuf Nurkić,,12,34.7,.108
2014,1,17,BOS,James Young,Kentucky,4,0.8,.046
2014,1,18,PHO,Tyler Ennis,Syracuse,4,1.3,.026
2014,1,19,CHI,Gary Harris,Michigan State,12,27.5,.076
2014,1,20,TOR,Bruno Caboclo,,7,1.5,.054
2014,1,21,OKC,Mitch McGary,Michigan,2,1.3,.108
2014,1,22,MEM,Jordan Adams,UCLA,2,0.4,.070
2014,1,23,UTA,Rodney Hood,Duke,8,17.4,.076
2014,1,24,CHO,Shabazz Napier,UConn,6,8.1,.065
2014,1,25,HOU,Clint Capela,,12,72.6,.190
2014,1,26,MIA,P.J. Hairston,UNC,2,0.9,.021
2014,1,27,PHO,Bogdan Bogdanović,,9,25.0,.081
2014,1,28,LAC,C.J. Wilcox,Washington,3,0.1,.007
2014,1,29,OKC,Josh Huestis,Stanford,3,0.7,.030
2014,1,30,SAS,Kyle Anderson,UCLA,12,41.3,.122
2014,3,31,MIL,Damien Inglis,,1,-0.1,-.024
2014,3,32,PHI,K.J. McDaniels,Clemson,3,1.3,.030
2014,3,33,CLE,Joe Harris,Virginia,10,23.1,.090
2014,3,34,NYK,Cleanthony Early,Wichita State,2,-0.6,-.039
2014,3,35,UTA,Jarnell Stokes,Tennessee,3,0.6,.202
2014,3,36,MIL,Johnny O'Bryant,LSU,4,0.2,.006
2014,3,37,TOR,DeAndre Daniels,UConn,,,
2014,3,38,DET,Spencer Dinwiddie,Colorado,11,36.0,.100
2014,3,39,PHI,Jerami Grant,Syracuse,12,40.7,.090
2014,3,40,MIN,Glenn Robinson III,Michigan,7,7.9,.071
2014,3,41,DEN,Nikola Jokić,,11,142.9,.265
2014,3,42,HOU,Nick Johnson,Arizona,1,-0.1,-.020
2014,3,43,ATL,Edy Tavares,,2,0.2,.118
2014,3,44,MIN,Markel Brown,Oklahoma State,3,1.1,.029
2014,3,45,CHO,Dwight Powell,Stanford,12,50.5,.180
2014,3,46,WAS,Jordan Clarkson,Missouri,12,25.9,.056
2014,3,47,PHI,Russ Smith,Louisville,2,-0.2,-.068
2014,3,48,MIL,Lamar Patterson,Pitt,2,0.1,.006
2014,3,49,CHI,Cameron Bairstow,New Mexico,2,-0.1,-.021
2014,3,50,PHO,Alec Brown,Green Bay,,,
2014,3,51,NYK,Thanasis Antetokounmpo,,7,2.1,.061
2014,3,52,PHI,Vasilije Micić,,2,-0.6,-.015
2014,3,53,MIN,Alessandro Gentile,,,,
2014,3,54,PHI,Nemanja Dangubić,,,,
2014,3,55,MIA,Semaj Christon,Xavier,1,0.1,.006
2014,3,56,DEN,Devyn Marble,Iowa,2,-0.3,-.028
2014,3,57,IND,Louis Labeyrie,,,,
2014,3,58,SAS,Jordan McRae,Tennessee,4,1.7,.048
2014,3,59,TOR,Xavier Thames,San Diego State,,,
2014,3,60,SAS,Cory Jefferson,Baylor,2,0.9,.071
2015,1,1,MIN,Karl-Anthony Towns,Kentucky,11,94.6,.187
2015,1,2,LAL,D'Angelo Russell,Ohio State,11,26.5,.066
2015,1,3,PHI,Jahlil Okafor,Duke,7,7.2,.071
2015,1,4,NYK,Kristaps Porziņģis,,10,50.4,.150
2015,1,5,ORL,Mario Hezonja,,5,3.2,.025
2015,1,6,SAC,Willie Cauley-Stein,Kentucky,7,23.3,.121
2015,1,7,DEN,Emmanuel Mudiay,,6,-0.2,-.001
2015,1,8,DET,Stanley Johnson,Arizona,8,6.9,.037
2015,1,9,CHO,Frank Kaminsky,Wisconsin,8,15.9,.094
2015,1,10,MIA,Justise Winslow,Duke,8,8.2,.044
2015,1,11,IND,Myles Turner,Texas,11,51.7,.122
2015,1,12,UTA,Trey Lyles,Kentucky,10,22.0,.088
2015,1,13,PHO,Devin Booker,Kentucky,11,58.0,.110
2015,1,14,OKC,Cameron Payne,Murray State,11,14.8,.081
2015,1,15,ATL,Kelly Oubre Jr.,Kansas,11,27.6,.068
2015,1,16,BOS,Terry Rozier,Louisville,10,30.6,.080
2015,1,17,MIL,Rashad Vaughn,UNLV,3,-0.6,-.017
2015,1,18,HOU,Sam Dekker,Wisconsin,5,5.4,.083
2015,1,19,WAS,Jerian Grant,Notre Dame,5,8.3,.080
2015,1,20,TOR,Delon Wright,Utah,10,28.9,.124
2015,1,21,DAL,Justin Anderson,Virginia,6,4.9,.072
2015,1,22,CHI,Bobby Portis,Arkansas,11,36.6,.106
2015,1,23,POR,Rondae Hollis-Jefferson,Arizona,6,12.9,.091
2015,1,24,CLE,Tyus Jones,Duke,11,34.9,.109
2015,1,25,MEM,Jarell Martin,LSU,4,3.2,.053
2015,1,26,SAS,Nikola Milutinov,,,,
2015,1,27,LAL,Larry Nance Jr.,Wyoming,11,35.2,.130
2015,1,28,BOS,R.J. Hunter,Georgia State University,4,0.4,.051
2015,1,29,BRK,Chris McCullough,Syracuse,3,0.6,.054
2015,1,30,GSW,Kevon Looney,UCLA,11,38.1,.172
2015,3,31,MIN,Cedi Osman,,7,12.5,.055
2015,3,32,HOU,Montrezl Harrell,Louisville,8,42.9,.195
2015,3,33,BOS,Jordan Mickey,LSU,3,0.5,.050
2015,3,34,LAL,Anthony Brown,Stanford,3,-0.2,-.016
2015,3,35,PHI,Willy Hernangómez,,7,16.3,.152
2015,3,36,MIN,Rakeem Christmas,Syracuse,2,0.5,.105
2015,3,37,PHI,Richaun Holmes,Bowling Green,10,30.7,.158
2015,3,38,DET,Darrun Hilliard,Villanova,3,0.3,.016
2015,3,39,CHO,Juan Pablo Vaulet,,,,
2015,3,40,MIA,Josh Richardson,Tennessee,10,27.7,.084
2015,3,41,BRK,Pat Connaughton,Notre Dame,11,25.3,.103
2015,3,42,UTA,Olivier Hanlan,Boston College,,,
2015,3,43,IND,Joe Young,Oregon,3,0.4,.016
2015,3,44,PHO,Andrew Harrison,Kentucky,3,3.2,.051
2015,3,45,BOS,Marcus Thornton,William & Mary,,,
2015,3,46,MIL,Norman Powell,UCLA,11,36.4,.105
2015,3,47,PHI,Artūras Gudaitis,,,,
2015,3,48,OKC,Dakari Johnson,Kentucky,1,0.6,.178
2015,3,49,WAS,Aaron White,Iowa,,,
2015,3,50,ATL,Marcus Eriksson,,,,
2015,3,51,ORL,Tyler Harvey,Eastern Washington,,,
2015,3,52,DAL,Satnam Singh,,,,
2015,3,53,CLE,Sir'Dominic Pointer,St. John's,,,
2015,3,54,UTA,Dani Díez,,,,
2015,3,55,SAS,Cady Lalanne,UMass,,,
2015,3,56,NOP,Branden Dawson,Michigan State,1,0.0,.069
2015,3,57,DEN,Nikola Radičević,,,,
2015,3,58,PHI,J.P. Tokoto,UNC,,,
2015,3,59,ATL,Dimitrios Agravanis,,,,
2015,3,60,PHI,Luka Mitrović,,,,
2016,1,1,PHI,Ben Simmons,LSU,7,35.4,.143
2016,1,2,LAL,Brandon Ingram,Duke,10,31.8,.081
2016,1,3,BOS,Jaylen Brown,California,10,47.5,.109
2016,1,4,PHO,Dragan Bender,,4,0.5,.006
2016,1,5,MIN,Kris Dunn,Providence,10,15.7,.064
2016,1,6,NOP,Buddy Hield,Oklahoma,10,28.7,.066
2016,1,7,DEN,Jamal Murray,Kentucky,9,47.6,.117
2016,1,8,SAC,Marquese Chriss,Washington,6,6.5,.058
2016,1,9,TOR,Jakob Poeltl,Utah,10,48.5,.161
2016,1,10,MIL,Thon Maker,,5,6.6,.087
2016,1,11,ORL,Domantas Sabonis,Gonzaga,10,71.0,.166
2016,1,12,UTA,Taurean Prince,Baylor,10,15.5,.050
2016,1,13,PHO,Georgios Papagiannis,,2,0.4,.044
2016,1,14,CHI,Denzel Valentine,Michigan State,5,4.5,.044
2016,1,15,DEN,Juancho Hernangómez,,7,8.7,.080
2016,1,16,BOS,Guerschon Yabusele,,4,6.4,.091
2016,1,17,MEM,Wade Baldwin,Vanderbilt,3,-0.3,-.028
2016,1,18,DET,Henry Ellenson,Marquette,5,0.4,.023
2016,1,19,DEN,Malik Beasley,Florida State,9,20.1,.070
2016,1,20,IND,Caris LeVert,Michigan,10,25.4,.078
2016,1,21,ATL,DeAndre' Bembry,Saint Joseph's,6,4.4,.038
2016,1,22,CHO,Malachi Richardson,Syracuse,3,-0.1,-.009
2016,1,23,BOS,Ante Žižić,,3,3.5,.110
2016,1,24,PHI,Timothé Luwawu-Cabarrot,,6,4.7,.043
2016,1,25,LAC,Brice Johnson,UNC,2,0.1,.062
2016,1,26,PHI,Furkan Korkmaz,,7,7.6,.067
2016,1,27,TOR,Pascal Siakam,New Mexico State,10,58.1,.129
2016,1,28,PHO,Skal Labissière,Kentucky,6,4.5,.082
2016,1,29,SAS,Dejounte Murray,Washington,9,26.8,.085
2016,1,30,GSW,Damian Jones,Vanderbilt,8,11.3,.143
2016,3,31,BOS,Deyonta Davis,Michigan State,3,3.6,.131
2016,3,32,LAL,Ivica Zubac,,10,55.5,.179
2016,3,33,LAC,Cheick Diallo,Kansas,5,6.3,.139
2016,3,34,PHO,Tyler Ulis,Kentucky,3,0.5,.008
2016,3,35,BOS,Rade Zagorac,,,,
2016,3,36,MIL,Malcolm Brogdon,Virginia,9,33.4,.119
2016,3,37,HOU,Chinanu Onuaku,Louisville,2,0.1,.043
2016,3,38,MIL,Patrick McCaw,UNLV,5,4.4,.062
2016,3,39,NOP,David Michineau,,,,
2016,3,40,NOP,Diamond Stone,Maryland,1,-0.1,-.211
2016,3,41,ORL,Stephen Zimmerman,UNLV,1,0.0,-.005
2016,3,42,UTA,Isaiah Whitehead,Seton Hall,2,-0.9,-.025
2016,3,43,HOU,Zhou Qi,,2,-0.2,-.093
2016,3,44,ATL,Isaïa Cordinier,,,,
2016,3,45,BOS,Demetrius Jackson,Notre Dame,3,0.2,.087
2016,3,46,DAL,A.J. Hammons,Purdue,1,0.0,-.001
2016,3,47,ORL,Jake Layman,Maryland,6,3.8,.059
2016,3,48,CHI,Paul Zipser,,2,0.0,-.001
2016,3,49,DET,Michael Gbinije,Syracuse,1,-0.1,-.136
2016,3,50,IND,Georges Niang,Iowa State,9,15.9,.080
2016,3,51,BOS,Ben Bentil,Providence,1,-0.1,-.473
2016,3,52,UTA,Joel Bolomboy,Weber State,2,0.3,.132
2016,3,53,DEN,Petr Cornelie,,1,0.0,-.015
2016,3,54,ATL,Kay Felder,Oakland,2,-0.4,-.041
2016,3,55,BRK,Marcus Paige,UNC,1,0.0,-.006
2016,3,56,DEN,Daniel Hamilton,UConn,2,0.0,.000
2016,3,57,MEM,Wang Zhelin,,,,
2016,3,58,BOS,Abdel Nader,Iowa State,5,2.8,.052
2016,3,59,SAC,Isaiah Cousins,Oklahoma,,,
2016,3,60,UTA,Tyrone Wallace,California,4,0.1,.003
2017,1,1,PHI,Markelle Fultz,Washington,9,8.3,.065
2017,1,2,LAL,Lonzo Ball,UCLA,7,13.3,.066
2017,1,3,BOS,Jayson Tatum,Duke,9,67.2,.156
2017,1,4,PHO,Josh Jackson,Kansas,5,-1.7,-.012
2017,1,5,SAC,De'Aaron Fox,Kentucky,9,40.3,.097
2017,1,6,ORL,Jonathan Isaac,Florida State,7,14.9,.116
2017,1,7,MIN,Lauri Markkanen,Arizona,9,36.7,.114
2017,1,8,NYK,Frank Ntilikina,,7,0.3,.003
2017,1,9,DAL,Dennis Smith Jr.,NC State,7,2.3,.015
2017,1,10,SAC,Zach Collins,Gonzaga,8,12.4,.081
2017,1,11,CHO,Malik Monk,Kentucky,9,16.1,.058
2017,1,12,DET,Luke Kennard,Duke,9,28.1,.108
2017,1,13,DEN,Donovan Mitchell,Louisville,9,60.2,.140
2017,1,14,MIA,Bam Adebayo,Kentucky,9,64.0,.156
2017,1,15,POR,Justin Jackson,UNC,7,5.3,.052
2017,1,16,CHI,Justin Patton,Creighton,4,0.4,.066
2017,1,17,MIL,D.J. Wilson,Michigan,6,2.9,.077
2017,1,18,IND,T.J. Leaf,UCLA,4,2.7,.104
2017,1,19,ATL,John Collins,Wake Forest,9,43.8,.135
2017,1,20,POR,Harry Giles,Duke,4,3.1,.076
2017,1,21,OKC,Terrance Ferguson,,4,4.4,.053
2017,1,22,BRK,Jarrett Allen,Texas,9,73.1,.200
2017,1,23,TOR,OG Anunoby,Indiana,9,37.6,.106
2017,1,24,UTA,Tyler Lydon,Syracuse,2,0.2,.084
2017,1,25,ORL,Anžejs Pasečņiks,,2,0.4,.038
2017,1,26,POR,Caleb Swanigan,Purdue,3,-0.2,-.015
2017,1,27,BRK,Kyle Kuzma,Utah,9,16.3,.042
2017,1,28,LAL,Tony Bradley,UNC,8,8.9,.167
2017,1,29,SAS,Derrick White,Colorado,9,46.7,.134
2017,1,30,UTA,Josh Hart,Villanova,9,42.8,.113
2017,3,31,CHO,Frank Jackson,Duke,5,2.5,.031
2017,3,32,PHO,Davon Reed,Miami (FL),4,1.5,.054
2017,3,33,ORL,Wes Iwundu,Kansas State,5,4.2,.053
2017,3,34,SAC,Frank Mason III,Kansas,4,1.2,.035
2017,3,35,ORL,Ivan Rabb,California,2,3.2,.125
2017,3,36,PHI,Jonah Bolden,,2,1.4,.098
2017,3,37,BOS,Semi Ojeleye,SMU,5,5.2,.061
2017,3,38,CHI,Jordan Bell,Oregon,5,4.9,.121
2017,3,39,PHI,Jawun Evans,Oklahoma State,2,-0.4,-.022
2017,3,40,NOP,Dwayne Bacon,Florida State,4,0.8,.010
2017,3,41,ATL,Tyler Dorsey,Oregon,3,1.1,.031
2017,3,42,UTA,Thomas Bryant,Indiana,9,22.7,.164
2017,3,43,HOU,Isaiah Hartenstein,,8,33.3,.188
2017,3,44,NYK,Damyean Dotson,Oregon,5,3.0,.034
2017,3,45,HOU,Dillon Brooks,Oregon,9,16.8,.050
2017,3,46,PHI,Sterling Brown,SMU,6,6.6,.071
2017,3,47,IND,Ike Anigbogu,UCLA,2,0.0,.057
2017,3,48,MIL,Sindarius Thornwell,South Carolina,4,1.1,.032
2017,3,49,DEN,Vlatko Čančar,,5,2.4,.076
2017,3,50,PHI,Mathias Lessort,,,,
2017,3,51,DEN,Monte Morris,Iowa State,9,24.7,.120
2017,3,52,NOP,Edmond Sumner,Xavier,5,3.2,.069
2017,3,53,BOS,Kadeem Allen,Arizona,3,1.0,.075
2017,3,54,PHO,Alec Peters,Valparaiso,1,0.3,.055
2017,3,55,UTA,Nigel Williams-Goss,Gonzaga,1,0.0,.017
2017,3,56,BOS,Jabari Bird,California,1,0.2,.098
2017,3,57,BRK,Sasha Vezenkov,,1,1.0,.098
2017,3,58,NYK,Ognjen Jaramaz,,,,
2017,3,59,SAS,Jaron Blossomgame,Clemson,1,0.3,.030
2017,3,60,ATL,Alpha Kaba,,,,
2018,1,1,PHO,Deandre Ayton,Arizona,8,43.8,.148
2018,1,2,SAC,Marvin Bagley III,Duke,8,16.3,.102
2018,1,3,ATL,Luka Dončić,,8,66.6,.178
2018,1,4,MEM,Jaren Jackson Jr.,Michigan State,8,30.2,.111
2018,1,5,DAL,Trae Young,Oklahoma,8,44.7,.126
2018,1,6,ORL,Mo Bamba,Texas,8,15.7,.122
2018,1,7,CHI,Wendell Carter Jr.,Duke,8,33.3,.126
2018,1,8,CLE,Collin Sexton,Alabama,8,19.7,.069
2018,1,9,NYK,Kevin Knox,Kentucky,7,0.9,.008
2018,1,10,PHI,Mikal Bridges,Villanova,8,50.0,.113
2018,1,11,CHO,Shai Gilgeous-Alexander,Kentucky,8,75.6,.207
2018,1,12,LAC,Miles Bridges,Michigan State,7,27.8,.086
2018,1,13,LAC,Jerome Robinson,Boston College,4,-0.2,-.004
2018,1,14,DEN,Michael Porter Jr.,Missouri,7,29.4,.120
2018,1,15,WAS,Troy Brown Jr.,Oregon,6,8.6,.061
2018,1,16,PHO,Zhaire Smith,Texas Tech,2,0.0,.011
2018,1,17,MIL,Donte DiVincenzo,Villanova,8,29.1,.107
2018,1,18,SAS,Lonnie Walker IV,Miami (FL),7,4.9,.033
2018,1,19,ATL,Kevin Huerter,Maryland,8,21.7,.069
2018,1,20,MIN,Josh Okogie,Georgia Tech,8,14.2,.073
2018,1,21,UTA,Grayson Allen,Duke,8,26.4,.109
2018,1,22,CHI,Chandler Hutchison,Boise State,4,1.1,.030
2018,1,23,IND,Aaron Holiday,UCLA,8,11.6,.068
2018,1,24,POR,Anfernee Simons,,8,15.7,.064
2018,1,25,LAL,Moritz Wagner,Michigan,8,17.9,.132
2018,1,26,PHI,Landry Shamet,Wichita State,8,15.7,.079
2018,1,27,BOS,Robert Williams,Texas A&M,8,28.3,.236
2018,1,28,GSW,Jacob Evans,Cincinnati,2,-0.6,-.047
2018,1,29,BRK,Džanan Musa,,2,0.0,.003
2018,1,30,ATL,Omari Spellman,Villanova,2,2.4,.068
2018,3,31,PHO,Elie Okobo,,2,0.5,.014
2018,3,32,MEM,Jevon Carter,West Virginia,8,9.4,.063
2018,3,33,DAL,Jalen Brunson,Villanova,8,54.2,.155
2018,3,34,ATL,Devonte' Graham,Kansas,6,12.7,.073
2018,3,35,ORL,Melvin Frazier,Tulane,3,-0.4,-.062
2018,3,36,NYK,Mitchell Robinson,,8,41.0,.212
2018,3,37,SAC,Gary Trent Jr.,Duke,8,19.0,.070
2018,3,38,PHI,Khyri Thomas,Creighton,3,0.5,.058
2018,3,39,PHI,Isaac Bonga,,4,1.7,.044
2018,3,40,BRK,Rodions Kurucs,,3,2.3,.052
2018,3,41,ORL,Jarred Vanderbilt,Kentucky,8,18.6,.122
2018,3,42,DET,Bruce Brown,Miami (FL),8,22.9,.082
2018,3,43,DEN,Justin Jackson,Maryland,,,
2018,3,44,WAS,Issuf Sanon,,,,
2018,3,45,BRK,Hamidou Diallo,Kentucky,6,6.2,.060
2018,3,46,HOU,De'Anthony Melton,USC,8,15.0,.078
2018,3,47,LAL,Svi Mykhailiuk,Kansas,8,5.3,.039
2018,3,48,MIN,Keita Bates-Diop,Ohio State,6,7.4,.078
2018,3,49,SAS,Chimezie Metu,USC,6,5.7,.076
2018,3,50,IND,Alize Johnson,Missouri State,5,1.3,.108
2018,3,51,NOP,Tony Carr,Penn State,,,
2018,3,52,UTA,Vince Edwards,Purdue,1,0.0,-.014
2018,3,53,OKC,Devon Hall,Virginia,1,-0.2,-.116
2018,3,54,DAL,Shake Milton,SMU,7,11.7,.084
2018,3,55,CHO,Arnoldas Kulboka,,1,0.0,-.217
2018,3,56,PHI,Ray Spalding,Louisville,2,0.1,.024
2018,3,57,OKC,Kevin Hervey,UT Arlington,1,-0.1,-.085
2018,3,58,DEN,Thomas Welsh,UCLA,1,0.1,.162
2018,3,59,PHO,George King,Colorado,2,-0.1,-.225
2018,3,60,PHI,Kostas Antetokounmpo,Dayton,3,-0.2,-.098
2019,1,1,NOP,Zion Williamson,Duke,6,30.3,.170
2019,1,2,MEM,Ja Morant,Murray State,7,24.3,.113
2019,1,3,NYK,RJ Barrett,Duke,7,17.3,.057
2019,1,4,LAL,De'Andre Hunter,Virginia,7,13.1,.057
2019,1,5,CLE,Darius Garland,Vanderbilt,7,27.1,.093
2019,1,6,PHO,Jarrett Culver,Texas Tech,4,-0.1,-.001
2019,1,7,CHI,Coby White,UNC,7,19.9,.069
2019,1,8,ATL,Jaxson Hayes,Texas,7,25.1,.167
2019,1,9,WAS,Rui Hachimura,Gonzaga,7,18.7,.080
2019,1,10,ATL,Cam Reddish,Duke,6,3.3,.027
2019,1,11,MIN,Cameron Johnson,UNC,7,26.6,.120
2019,1,12,CHO,P.J. Washington,Kentucky,7,16.5,.058
2019,1,13,MIA,Tyler Herro,Kentucky,7,22.3,.084
2019,1,14,BOS,Romeo Langford,Indiana,4,2.0,.043
2019,1,15,DET,Sekou Doumbouya,,3,-0.4,-.013
2019,1,16,ORL,Chuma Okeke,Auburn,5,5.0,.060
2019,1,17,BRK,Nickeil Alexander-Walker,Virginia Tech,7,16.5,.075
2019,1,18,IND,Goga Bitadze,,7,19.3,.166
2019,1,19,SAS,Luka Šamanić,,4,0.0,.001
2019,1,20,BOS,Matisse Thybulle,Washington,7,15.4,.095
2019,1,21,OKC,Brandon Clarke,Gonzaga,7,24.6,.184
2019,1,22,BOS,Grant Williams,Tennessee,7,17.4,.089
2019,1,23,UTA,Darius Bazley,,5,3.1,.027
2019,1,24,PHI,Ty Jerome,Virginia,7,11.2,.120
2019,1,25,POR,Nassir Little,UNC,5,4.7,.061
2019,1,26,CLE,Dylan Windler,Belmont,4,1.6,.072
2019,1,27,BRK,Mfiondu Kabengele,Florida State,3,0.4,.055
2019,1,28,GSW,Jordan Poole,Michigan,7,11.4,.045
2019,1,29,SAS,Keldon Johnson,Kentucky,7,23.2,.089
2019,1,30,MIL,Kevin Porter Jr.,USC,6,9.0,.050
2019,3,31,BRK,Nic Claxton,Georgia,7,30.9,.149
2019,3,32,PHO,KZ Okpala,Stanford,4,1.0,.050
2019,3,33,PHI,Carsen Edwards,Purdue,3,0.3,.019
2019,3,34,PHI,Bruno Fernando,Maryland,6,3.8,.079
2019,3,35,ATL,Didi Louzada,,2,-0.1,-.034
2019,3,36,CHO,Cody Martin,Nevada,7,7.1,.059
2019,3,37,DAL,Deividas Sirvydis,,2,-0.1,-.032
2019,3,38,CHI,Daniel Gafford,Arkansas,7,35.2,.195
2019,3,39,NOP,Alen Smailagić,,2,0.3,.056
2019,3,40,SAC,Justin James,Wyoming,2,0.3,.024
2019,3,41,GSW,Eric Paschall,Villanova,3,5.0,.078
2019,3,42,PHI,Admiral Schofield,Tennessee,4,1.2,.043
2019,3,43,MIN,Jaylen Nowell,Washington,6,4.7,.064
2019,3,44,MIA,Bol Bol,Oregon,6,5.0,.088
2019,3,45,DET,Isaiah Roby,Nebraska,4,4.0,.068
2019,3,46,ORL,Talen Horton-Tucker,Iowa State,6,6.0,.049
2019,3,47,SAC,Ignas Brazdeikis,Michigan,3,0.4,.024
2019,3,48,LAC,Terance Mann,Florida State,7,23.3,.105
2019,3,49,SAS,Quinndary Weatherspoon,Mississippi State,3,0.2,.030
2019,3,50,IND,Jarrell Brantley,College of Charleston,3,0.6,.108
2019,3,51,BOS,Tremont Waters,LSU,3,0.1,.012
2019,3,52,CHO,Jalen McDaniels,San Diego State,6,5.3,.056
2019,3,53,UTA,Justin Wright-Foreman,Hofstra,1,0.0,-.008
2019,3,54,PHI,Marial Shayok,Iowa State,1,-0.1,-.130
2019,3,55,NYK,Kyle Guy,Virginia,3,0.1,.006
2019,3,56,LAC,Jaylen Hands,UCLA,,,
2019,3,57,NOP,Jordan Bone,Tennessee,2,0.1,.010
2019,3,58,GSW,Miye Oni,Yale,3,1.0,.070
2019,3,59,TOR,Dewan Hernandez,Miami (FL),1,0.0,.043
2019,3,60,SAC,Vanja Marinković,,,,
2020,1,1,MIN,Anthony Edwards,Georgia,6,31.4,.098
2020,1,2,GSW,James Wiseman,Memphis,5,4.3,.072
2020,1,3,CHO,LaMelo Ball,,6,19.8,.101
2020,1,4,CHI,Patrick Williams,Florida State,6,8.3,.044
2020,1,5,CLE,Isaac Okoro,Auburn,6,18.2,.084
2020,1,6,ATL,Onyeka Okongwu,USC,6,30.9,.161
2020,1,7,DET,Killian Hayes,,6,-0.4,-.004
2020,1,8,NYK,Obi Toppin,Dayton,6,17.7,.128
2020,1,9,WAS,Deni Avdija,,6,21.7,.088
2020,1,10,PHO,Jalen Smith,Maryland,6,14.6,.128
2020,1,11,SAS,Devin Vassell,Florida State,6,16.8,.077
2020,1,12,SAC,Tyrese Haliburton,Iowa State,5,37.6,.164
2020,1,13,NOP,Kira Lewis Jr.,Alabama,4,1.3,.036
2020,1,14,BOS,Aaron Nesmith,Vanderbilt,6,11.2,.072
2020,1,15,ORL,Cole Anthony,UNC,6,10.5,.060
2020,1,16,POR,Isaiah Stewart,Washington,6,19.5,.106
2020,1,17,MIN,Aleksej Pokusevski,,4,-0.2,-.002
2020,1,18,DAL,Josh Green,Arizona,6,11.1,.073
2020,1,19,BRK,Saddiq Bey,Villanova,5,20.0,.087
2020,1,20,MIA,Precious Achiuwa,Memphis,6,14.8,.087
2020,1,21,PHI,Tyrese Maxey,Kentucky,6,35.1,.131
2020,1,22,DEN,Zeke Nnaji,Arizona,6,7.5,.100
2020,1,23,NYK,Leandro Bolmaro,,2,-0.3,-.048
2020,1,24,MIL,R.J. Hampton,,4,0.8,.013
2020,1,25,OKC,Immanuel Quickley,Kentucky,6,27.9,.127
2020,1,26,BOS,Payton Pritchard,Oregon,6,29.4,.148
2020,1,27,UTA,Udoka Azubuike,Kansas,4,2.0,.133
2020,1,28,LAL,Jaden McDaniels,Washington,6,23.1,.087
2020,1,29,TOR,Malachi Flynn,San Diego State,5,2.9,.045
2020,1,30,BOS,Desmond Bane,TCU,6,33.0,.132
2020,3,31,DAL,Tyrell Terry,Stanford,2,0.0,-.035
2020,3,32,CHO,Vernon Carey Jr.,Duke,3,0.2,.058
2020,3,33,MIN,Daniel Oturu,Minnesota,2,0.3,.086
2020,3,34,PHI,Théo Maledon,,4,-0.2,-.002
2020,3,35,SAC,Xavier Tillman Sr.,Michigan State,6,10.3,.114
2020,3,36,PHI,Tyler Bey,Colorado,1,0.0,-.033
2020,3,37,WAS,Vít Krejčí,,5,6.9,.084
2020,3,38,UTA,Saben Lee,Vanderbilt,4,3.5,.085
2020,3,39,NOP,Elijah Hughes,Syracuse,2,-0.4,-.039
2020,3,40,MEM,Robert Woodard II,Mississippi State,2,-0.1,-.077
2020,3,41,SAS,Tre Jones,Duke,6,20.3,.119
2020,3,42,NOP,Nick Richards,Kentucky,6,13.9,.124
2020,3,43,SAC,Jahmi'us Ramsey,Texas Tech,3,-0.1,-.008
2020,3,44,CHI,Marko Simonovic,,2,0.0,-.026
2020,3,45,MIL,Jordan Nwora,Louisville,4,3.0,.043
2020,3,46,POR,CJ Elleby,Washington State,2,0.5,.018
2020,3,47,BOS,Yam Madar,,,,
2020,3,48,GSW,Nico Mannion,Arizona,1,0.2,.029
2020,3,49,PHI,Isaiah Joe,Arkansas,6,19.0,.131
2020,3,50,ATL,Skylar Mays,LSU,4,2.1,.092
2020,3,51,GSW,Justinian Jessup,Boise State,,,
2020,3,52,SAC,KJ Martin,,5,12.4,.089
2020,3,53,OKC,Cassius Winston,Michigan State,2,0.1,.051
2020,3,54,IND,Cassius Stanley,Duke,2,0.0,-.006
2020,3,55,BRK,Jay Scrubb,John A. Logan College,3,-0.1,-.014
2020,3,56,CHO,Grant Riller,College of Charleston,1,0.1,.177
2020,3,57,LAC,Reggie Perry,Mississippi State,2,0.4,.048
2020,3,58,PHI,Paul Reed,DePaul,6,15.9,.184
2020,3,59,TOR,Jalen Harris,Nevada,1,0.3,.079
2020,3,60,NOP,Sam Merrill,Utah State University,6,10.5,.120
